State,Campaign name,Status,Type,Targeting,Portfolio name,Campaign bid strategy,Campaign budget amount (converted),Campaign budget amount,Impressions,Top-of-search impression share,Clicks,CTR,Total cost (converted),Total cost,CPC (converted),CPC,Purchases,Sales (converted),Sales,ACOS,ROAS,Purchases (new to brand)
ENABLED,Body Cream - B0CYLDSQ5L - SP - ASIN - TOP Competitors,CAMPAIGN_STATUS_ENABLED,SP,MANUAL,Body Cream,Fixed bids,$12.00,$12.00,49981,<5%,164,0.0033,$200.52,$200.52,$1.22,$1.22,2,$26.98,$26.98,7.4322,0.13455016955914623,0
ENABLED,Body Cream - B0CYLDSQ5L - SP - EXACT - NON GREASY,CAMPAIGN_STATUS_ENABLED,SP,MANUAL,Body Cream,Fixed bids,$12.00,$12.00,12564,<5%,23,0.0018,$41.40,$41.40,$1.80,$1.80,1,$13.49,$13.49,3.0689,0.32584541062801936,0
ENABLED,Body Cream - B0CYLDSQ5L - SP - PHRASE - WOMEN USE CASE,CAMPAIGN_STATUS_ENABLED,SP,MANUAL,Body Cream,Dynamic bidding (up and down),$10.00,$10.00,14526,<5%,77,0.0053,$151.02,$151.02,$1.96,$1.96,2,$26.98,$26.98,5.5975,0.17865183419414643,0
ENABLED,Body Cream - B0CYLDSQ5L - SP - EXACT - WOMEN USE CASE,CAMPAIGN_STATUS_ENABLED,SP,MANUAL,Body Cream,Fixed bids,$12.00,$12.00,37412,<5%,33,0.0009,$70.70,$70.70,$2.14,$2.14,2,$26.98,$26.98,2.6205,0.3816124469589816,0
ENABLED,Body Cream - B0CYLDSQ5L - SP - PHRASE - THICK INTENSIVE,CAMPAIGN_STATUS_ENABLED,SP,MANUAL,Body Cream,Fixed bids,$10.00,$10.00,518,<5%,4,0.0077,$7.31,$7.31,$1.83,$1.83,0,$0.00,$0.00,0,0,0
ENABLED,Body Cream - B0CYLDSQ5L - SP - EXACT - THICK INTENSIVE,CAMPAIGN_STATUS_ENABLED,SP,MANUAL,Body Cream,Fixed bids,$12.00,$12.00,273,<5%,1,0.0037,$2.07,$2.07,$2.07,$2.07,0,$0.00,$0.00,0,0,0
ENABLED,Body Cream - B0CYLDSQ5L - SP - PHRASE - HYDRATING CARE,CAMPAIGN_STATUS_ENABLED,SP,MANUAL,Body Cream,Fixed bids,$10.00,$10.00,3011,<5%,20,0.0066,$30.07,$30.07,$1.50,$1.50,1,$13.49,$13.49,2.2291,0.44861988693049554,0
ENABLED,Body Cream - B0CYLDSQ5L - SP - EXACT - HYDRATING CARE,CAMPAIGN_STATUS_ENABLED,SP,MANUAL,Body Cream,Fixed bids,$12.00,$12.00,2877,<5%,10,0.0035,$23.69,$23.69,$2.37,$2.37,0,$0.00,$0.00,0,0,0
ENABLED,Body Cream - B0CYLDSQ5L - SP - PHRASE - WINTER SEASONAL,CAMPAIGN_STATUS_ENABLED,SP,MANUAL,Body Cream,Fixed bids,$10.00,$10.00,376,0,0,0,$0.00,$0.00,$0.00,$0.00,0,$0.00,$0.00,0,0,0
ENABLED,Body Cream - B0CYLDSQ5L - SP - EXACT - WINTER SEASONAL,CAMPAIGN_STATUS_ENABLED,SP,MANUAL,Body Cream,Fixed bids,$12.00,$12.00,168,12.19%,0,0,$0.00,$0.00,$0.00,$0.00,0,$0.00,$0.00,0,0,0
ENABLED,Body Cream - B0CYLDSQ5L - SP - PHRASE - DRY SKIN KWS,CAMPAIGN_STATUS_ENABLED,SP,MANUAL,Body Lotion,Fixed bids,$10.00,$10.00,19138,<5%,40,0.0021,$74.41,$74.41,$1.86,$1.86,1,$13.49,$13.49,5.5159,0.1812928369842763,0
ENABLED,Body Cream - B0CYLDSQ5L - SP - EXACT - DRY SKIN KWS,CAMPAIGN_STATUS_ENABLED,SP,MANUAL,Body Lotion,Fixed bids,$12.00,$12.00,79986,<5%,91,0.0011,$226.49,$226.49,$2.49,$2.49,3,$40.47,$40.47,5.5965,0.17868338557993724,0
ENABLED,Body Cream - B0CYLDSQ5L - SP - PHRASE - CORE HERO,CAMPAIGN_STATUS_ENABLED,SP,MANUAL,Body Cream,Fixed bids,$10.00,$10.00,16499,<5%,101,0.0061,$125.58,$125.58,$1.24,$1.24,3,$40.47,$40.47,3.1030,0.3222646918299092,0
ENABLED,Body Cream - B0CYLDSQ5L - SP - EXACT - CORE HERO,CAMPAIGN_STATUS_ENABLED,SP,MANUAL,Body Cream,Fixed bids,$12.00,$12.00,60110,<5%,95,0.0016,$192.77,$192.77,$2.03,$2.03,1,$13.49,$13.49,14.2898,0.06997976863619858,0
ENABLED,Facial Cleanser - B0CYK4G2Y8 - SP - Category - Facial Cleansing Gels,CAMPAIGN_STATUS_ENABLED,SP,MANUAL,Facial Cleanser,Fixed bids,$12.00,$12.00,7627,<5%,8,0.0010,$6.53,$6.53,$0.82,$0.82,1,$9.89,$9.89,0.6603,1.5145482388973968,0
ENABLED,Facial Cleanser - B0CYK4G2Y8 - SP - ASIN - TOP Competitors,CAMPAIGN_STATUS_ENABLED,SP,MANUAL,Facial Cleanser,Fixed bids,$12.00,$12.00,149842,<5%,95,0.0006,$158.29,$158.29,$1.67,$1.67,4,$39.56,$39.56,4.0013,0.24992103101901597,0
ENABLED,Facial Cleanser - B0CYK4G2Y8 - SP KW - Exact - Dermatological Cleanser,CAMPAIGN_STATUS_ENABLED,SP,MANUAL,Facial Cleanser,Fixed bids,$12.00,$12.00,167,<5%,0,0,$0.00,$0.00,$0.00,$0.00,0,$0.00,$0.00,0,0,0
ENABLED,Facial Cleanser - B0CYK4G2Y8 - SP KW - Phrase - Oily Skin Benefits,CAMPAIGN_STATUS_ENABLED,SP,MANUAL,Facial Cleanser,Fixed bids,$12.00,$12.00,395,<5%,4,0.0101,$10.33,$10.33,$2.58,$2.58,0,$0.00,$0.00,0,0,0
ENABLED,Facial Cleanser - B0CYK4G2Y8 - SP KW - Exact - Oily Skin Core,CAMPAIGN_STATUS_ENABLED,SP,MANUAL,Facial Cleanser,Fixed bids,$12.00,$12.00,14779,<5%,33,0.0022,$80.40,$80.40,$2.44,$2.44,1,$9.89,$9.89,8.1294,0.12300995024875622,0
ENABLED,Body Lotion 2Pack - B0F548KTXD - SP - PT - Category - Body Lotion,CAMPAIGN_STATUS_ENABLED,SP,MANUAL,Body Lotion 2Pack,Fixed bids,$12.00,$12.00,257482,<5%,93,0.0004,$80.39,$80.39,$0.86,$0.86,2,$96.33,$96.33,0.8345,1.1982833685781817,0
ENABLED,Body Lotion 2Pack - B0F548KTXD -SP KW - Exact - Body Lotion Core,CAMPAIGN_STATUS_ENABLED,SP,MANUAL,Body Lotion 2Pack,Fixed bids,$12.00,$12.00,461,0,0,0,$0.00,$0.00,$0.00,$0.00,0,$0.00,$0.00,0,0,0
ENABLED,Body Lotion 2Pack - B0F548KTXD - SP - PT - ASIN - Retinol Competitors,CAMPAIGN_STATUS_ENABLED,SP,MANUAL,Body Lotion 2Pack,Fixed bids,$12.00,$12.00,77587,<5%,72,0.0009,$107.30,$107.30,$1.49,$1.49,0,$0.00,$0.00,0,0,0
ENABLED,Body Lotion 2Pack - B0F548KTXD - SP KW - Phrase - Retinol Benefits,CAMPAIGN_STATUS_ENABLED,SP,MANUAL,Body Lotion 2Pack,Fixed bids,$12.00,$12.00,9,0,0,0,$0.00,$0.00,$0.00,$0.00,0,$0.00,$0.00,0,0,0
ENABLED,Body Lotion 2Pack - B0F548KTXD - SP KW - Exact - Retinol Core,CAMPAIGN_STATUS_ENABLED,SP,MANUAL,Body Lotion 2Pack,Fixed bids,$12.00,$12.00,1276,0,1,0.0008,$2.45,$2.45,$2.45,$2.45,0,$0.00,$0.00,0,0,0
ENABLED,Body Lotion 2Pack - B0F548KTXD - SD - VCPM - Prospecting - Retinol,CAMPAIGN_STATUS_ENABLED,SD,MANUAL,Body Lotion 2Pack,Dynamic bidding (up and down),$12.00,$12.00,46876,0,142,0.0030,$123.08,$123.08,$0.87,$0.87,0,$0.00,$0.00,0,0,0
ENABLED,Facial Cleanser - B0CYK4G2Y8 - SD - VCPM - Views Remarketing 30D,CAMPAIGN_STATUS_ENABLED,SD,MANUAL,Facial Cleanser,Dynamic bidding (up and down),$10.00,$10.00,45443,0,119,0.0026,$92.44,$92.44,$0.78,$0.78,1,$9.89,$9.89,9.3468,0.10698831674599742,1
ENABLED,Body Lotion 2Pack - B0F548KTXD - SP KW - Exact - Dermaglos,CAMPAIGN_STATUS_ENABLED,SP,MANUAL,Body Lotion 2Pack,Fixed bids,$12.00,$12.00,21,0,0,0,$0.00,$0.00,$0.00,$0.00,0,$0.00,$0.00,0,0,0
ENABLED,DG | DISCOVERY | SP | AUTO | B0F548KTXD,CAMPAIGN_STATUS_ENABLED,SP,AUTOMATIC,Body Lotion 2Pack,Fixed bids,$10.00,$10.00,34450,<5%,48,0.0014,$44.17,$44.17,$0.92,$0.92,3,$96.33,$96.33,0.4585,2.180892008150328,0
ENABLED,Body Lotion - B0CYLM4L23 - SP - KW - Phrase - Retinol Benefits,CAMPAIGN_STATUS_ENABLED,SP,MANUAL,Body Lotion,Fixed bids,$12.00,$12.00,1254,<5%,0,0,$0.00,$0.00,$0.00,$0.00,0,$0.00,$0.00,0,0,0
ENABLED,Body Lotion - B0CYLM4L23 - SP - KW - Exact - Retinol Core,CAMPAIGN_STATUS_ENABLED,SP,MANUAL,Body Lotion,Fixed bids,$12.00,$12.00,7456,<5%,5,0.0007,$9.35,$9.35,$1.87,$1.87,0,$0.00,$0.00,0,0,0
ENABLED,Body Lotion - B0CYLM4L23 - SP - PT - ASIN - TOP COMP,CAMPAIGN_STATUS_ENABLED,SP,MANUAL,Body Lotion,Fixed bids,$12.00,$12.00,168643,<5%,147,0.0009,$234.37,$234.37,$1.59,$1.59,0,$0.00,$0.00,0,0,0
ENABLED,Dermatological Cream - B0CYLMJJJC - SP - PT - ASIN - TOP COMP,CAMPAIGN_STATUS_ENABLED,SP,MANUAL,Dermatological Cream,Fixed bids,$12.00,$12.00,62532,<5%,221,0.0035,$294.74,$294.74,$1.33,$1.33,10,$108.80,$108.80,2.7090,0.36913890208319194,0
ENABLED,Dermatological 2Pack - B0F4KXZVNM - SP - PT - ASIN - TOP COMP,CAMPAIGN_STATUS_ENABLED,SP,MANUAL,Dermatological 2Pack,Fixed bids,$12.00,$12.00,41641,<5%,89,0.0021,$123.69,$123.69,$1.39,$1.39,3,$50.97,$50.97,2.4267,0.4120785835556634,0
ENABLED,Dermatological 2Pack - B0F4KXZVNM - SP Exact - Brand,CAMPAIGN_STATUS_ENABLED,SP,MANUAL,Dermatological 2Pack,Fixed bids,$12.00,$12.00,2451,<5%,13,0.0053,$13.80,$13.80,$1.06,$1.06,4,$84.95,$84.95,0.1624,6.155797101449275,0
ENABLED,Dermatological 2Pack - B0F4KXZVNM - SP KW - vitamin a cream Harvested,CAMPAIGN_STATUS_ENABLED,SP,MANUAL,Dermatological 2Pack,Fixed bids,$12.00,$12.00,1758,8.09%,16,0.0091,$32.70,$32.70,$2.04,$2.04,0,$0.00,$0.00,0,0,0
ENABLED,Body Cream - B0CYLDSQ5L - SP -EXACT - KWS VALIDATION,CAMPAIGN_STATUS_ENABLED,SP,MANUAL,Body Cream,Dynamic bidding (down only),$10.00,$10.00,0,0,0,0,$0.00,$0.00,$0.00,$0.00,0,$0.00,$0.00,0,0,0
ENABLED,DG | DISCOVERY | SP | AUTO | B0CYK4G2Y8,CAMPAIGN_STATUS_ENABLED,SP,AUTOMATIC,Facial Cleanser,Dynamic bidding (down only),$10.00,$10.00,19999,<5%,32,0.0016,$17.04,$17.04,$0.53,$0.53,2,$19.78,$19.78,0.8615,1.1607981220657275,0
ENABLED,Body Cream - B0CYLDSQ5L - SP PR - Categoties,CAMPAIGN_STATUS_ENABLED,SP,MANUAL,Body Cream,Dynamic bidding (down only),$10.00,$10.00,6383,<5%,53,0.0083,$36.23,$36.23,$0.68,$0.68,1,$13.49,$13.49,2.6857,0.3723433618548165,0
ENABLED,DG | DISCOVERY | SP | BROAD | B0F6VZMF2V,CAMPAIGN_STATUS_ENABLED,SP,MANUAL,Facial Skincare Set,Dynamic bidding (down only),$10.00,$10.00,6909,<5%,4,0.0006,$2.94,$2.94,$0.73,$0.73,1,$32.90,$32.90,0.0894,11.19047619047619,0
ENABLED,Facial Skincare Set - B0F6VZMF2V - SP -  PRODUCTS-CATEGORIES,CAMPAIGN_STATUS_ENABLED,SP,MANUAL,Facial Skincare Set,Dynamic bidding (down only),$10.00,$10.00,8875,<5%,13,0.0015,$10.13,$10.13,$0.78,$0.78,0,$0.00,$0.00,0,0,0
ENABLED,Facial Skincare Set - B0F6VZMF2V - SP - KW - Phrase kws,CAMPAIGN_STATUS_ENABLED,SP,MANUAL,Facial Skincare Set,Dynamic bidding (down only),$10.00,$10.00,2873,0,2,0.0007,$1.44,$1.44,$0.72,$0.72,0,$0.00,$0.00,0,0,0
ENABLED,DG | DISCOVERY | SP | AUTO | B0F6VZMF2V,CAMPAIGN_STATUS_ENABLED,SP,AUTOMATIC,Facial Skincare Set,Dynamic bidding (down only),$10.00,$10.00,9160,<5%,11,0.0012,$5.69,$5.69,$0.52,$0.52,0,$0.00,$0.00,0,0,0
ENABLED,Dermatological 2Pack - B0F4KXZVNM - SP KW - BROAD KWS,CAMPAIGN_STATUS_ENABLED,SP,MANUAL,Dermatological 2Pack,Dynamic bidding (down only),$10.00,$10.00,42851,<5%,79,0.0018,$163.24,$163.24,$2.07,$2.07,3,$43.97,$43.97,3.7125,0.2693580004900759,0
ENABLED,Dermatological 2Pack - B0F4KXZVNM - SP KW - Phrase,CAMPAIGN_STATUS_ENABLED,SP,MANUAL,Dermatological 2Pack,Dynamic bidding (down only),$10.00,$10.00,10137,7.71%,164,0.0162,$287.03,$287.03,$1.75,$1.75,29,$441.60,$441.60,0.6500,1.538515137790475,0
ENABLED,DG | DISCOVERY | SP | AUTO | B0F4KXZVNM,CAMPAIGN_STATUS_ENABLED,SP,AUTOMATIC,Dermatological 2Pack,Dynamic bidding (down only),$10.00,$10.00,26182,<5%,101,0.0039,$92.02,$92.02,$0.91,$0.91,4,$60.96,$60.96,1.5095,0.6624646815909586,0
ENABLED,Scavenger - ALL- SP - PRODUCTS,CAMPAIGN_STATUS_ENABLED,SP,MANUAL,Scavenger,Dynamic bidding (down only),$10.00,$10.00,2578,<5%,1,0.0004,$0.08,$0.08,$0.08,$0.08,0,$0.00,$0.00,0,0,0
ENABLED,Scavenger - ALL- SP - CATEGORIES,CAMPAIGN_STATUS_ENABLED,SP,MANUAL,Scavenger,Dynamic bidding (down only),$10.00,$10.00,4470,<5%,7,0.0016,$0.51,$0.51,$0.07,$0.07,0,$0.00,$0.00,0,0,0
ENABLED,Scavenger - ALL- SP - EXACT,CAMPAIGN_STATUS_ENABLED,SP,MANUAL,Scavenger,Dynamic bidding (down only),$10.00,$10.00,1631,0,2,0.0012,$0.04,$0.04,$0.02,$0.02,1,$9.99,$9.99,0.0040,249.75,0
ENABLED,Scavenger - ALL- SP - BROAD,CAMPAIGN_STATUS_ENABLED,SP,MANUAL,Scavenger,Dynamic bidding (down only),$10.00,$10.00,6399,<5%,10,0.0016,$0.80,$0.80,$0.08,$0.08,0,$0.00,$0.00,0,0,0
ENABLED,Scavenger - ALL- SP - PHRASE,CAMPAIGN_STATUS_ENABLED,SP,MANUAL,Scavenger,Dynamic bidding (down only),$10.00,$10.00,6674,<5%,9,0.0013,$0.66,$0.66,$0.07,$0.07,1,$18.89,$18.89,0.0349,28.621212121212125,0
ENABLED,Scavenger - ALL- SP,CAMPAIGN_STATUS_ENABLED,SP,AUTOMATIC,Scavenger,Dynamic bidding (down only),$10.00,$10.00,5385,<5%,6,0.0011,$0.48,$0.48,$0.08,$0.08,0,$0.00,$0.00,0,0,0
ENABLED,DG | DISCOVERY | SP | AUTO | B0CYL1RLNQ,CAMPAIGN_STATUS_ENABLED,SP,AUTOMATIC,Ultra Night Cream,Dynamic bidding (down only),$10.00,$10.00,36476,<5%,93,0.0025,$106.23,$106.23,$1.14,$1.14,5,$96.15,$96.15,1.1048,0.9051115504094891,0
ENABLED,DG | DISCOVERY | SP | AUTO | B0CYLMJJJC,CAMPAIGN_STATUS_ENABLED,SP,AUTOMATIC,Dermatological Cream,Dynamic bidding (down only),$10.00,$10.00,15721,<5%,131,0.0083,$93.34,$93.34,$0.71,$0.71,14,$153.86,$153.86,0.6067,1.6483822584101129,0
ENABLED,DG | DISCOVERY | SP | AUTO | B0CYKDSDJX,CAMPAIGN_STATUS_ENABLED,SP,AUTOMATIC,Hyaluronic Serum,Dynamic bidding (down only),$10.00,$10.00,24000,<5%,43,0.0018,$42.66,$42.66,$0.99,$0.99,7,$175.83,$175.83,0.2426,4.121659634317861,0
ENABLED,DG | DISCOVERY | SP | PHRASE | B0CYLDSQ5L,CAMPAIGN_STATUS_ENABLED,SP,MANUAL,Body Cream,Dynamic bidding (down only),$10.00,$10.00,9898,<5%,32,0.0032,$96.61,$96.61,$3.02,$3.02,3,$40.47,$40.47,2.3872,0.4189007349135699,0
ENABLED,DG | DISCOVERY | SP | AUTO | B0CYLDSQ5L,CAMPAIGN_STATUS_ENABLED,SP,AUTOMATIC,Body Cream,Dynamic bidding (down only),$10.00,$10.00,15944,<5%,111,0.0070,$91.73,$91.73,$0.83,$0.83,7,$83.83,$83.83,1.0942,0.9138776845088847,0
ENABLED,Facial Skincare Set - B0F6VZMF2V  | SP - KW | Exact | HARVESTING - dermaglos facial,CAMPAIGN_STATUS_ENABLED,SP,MANUAL,Facial Skincare Set,Fixed bids,$10.00,$10.00,1129,12.24%,5,0.0044,$7.76,$7.76,$1.55,$1.55,1,$19.79,$19.79,0.3921,2.5502577319587627,0
ENABLED,Body Lotion - B0CYLM4L23 | SP - KW | Exact | HARVESTING - dermagos,CAMPAIGN_STATUS_ENABLED,SP,MANUAL,Body Lotion,Fixed bids,$10.00,$10.00,0,0,0,0,$0.00,$0.00,$0.00,$0.00,0,$0.00,$0.00,0,0,0
ENABLED,B0CYLM4L23 - Body Lotion - SP KW - Exact - Harvesting - dermaglos corporal,CAMPAIGN_STATUS_ENABLED,SP,MANUAL,Body Lotion,Fixed bids,$12.00,$12.00,0,0,0,0,$0.00,$0.00,$0.00,$0.00,0,$0.00,$0.00,0,0,0
ENABLED,B0CYLMJJJC - SP KW -BroadM - KWS - vitamin a,CAMPAIGN_STATUS_ENABLED,SP,MANUAL,Dermatological Cream,Dynamic bidding (down only),$10.00,$10.00,2729,<5%,32,0.0117,$38.95,$38.95,$1.22,$1.22,3,$26.99,$26.99,1.4431,0.6929396662387677,0
ENABLED,B0CYLMJJJC - SP KW - Phrase - KWS - vitamin a,CAMPAIGN_STATUS_ENABLED,SP,MANUAL,Dermatological Cream,Dynamic bidding (down only),$10.00,$10.00,5067,<5%,24,0.0047,$25.69,$25.69,$1.07,$1.07,1,$9.99,$9.99,2.5716,0.3888672635266641,0
ENABLED,B0CYLM4L23 - Body Lotion - SP KW - Exact - dermaglos cream,CAMPAIGN_STATUS_ENABLED,SP,MANUAL,Body Lotion,Fixed bids,$10.00,$10.00,204,<5%,3,0.0147,$2.96,$2.96,$0.99,$0.99,0,$0.00,$0.00,0,0,0
ENABLED,DG | DISCOVERY | SP | AUTO | B0CYLM4L23,CAMPAIGN_STATUS_ENABLED,SP,AUTOMATIC,Body Lotion,Dynamic bidding (down only),$10.00,$10.00,28000,<5%,135,0.0048,$119.17,$119.17,$0.88,$0.88,11,$172.69,$172.69,0.6901,1.4491063187043718,0
ENABLED,Dermatological | 2PackSP KW | Exact | Harvesting Nov07,CAMPAIGN_STATUS_ENABLED,SP,MANUAL,Dermatological 2Pack,Dynamic bidding (down only),$10.00,$10.00,1156,<5%,15,0.0130,$25.13,$25.13,$1.68,$1.68,3,$29.97,$29.97,0.8385,1.1925984878631117,0
ENABLED,B0CYLM4L23 - Body Lotion - SB-KW - VCPM - Exact - Vitamin E Lotion,CAMPAIGN_STATUS_ENABLED,SB2,MANUAL,Body Lotion,—,$10.00,$10.00,1218,9.33%,4,0.0033,$28.07,$28.07,$7.02,$7.02,0,$0.00,$0.00,0,0,0
ENABLED,Campaign: B0CYLM4L23 - Body Lotion - SB-KW - CPC - Exact - Vitamin E Lotion,CAMPAIGN_STATUS_ENABLED,SB2,MANUAL,Body Lotion,—,$10.00,$10.00,5932,40.64%,65,0.0110,$157.53,$157.53,$2.42,$2.42,7,$145.45,$145.45,1.0831,0.9233161937408745,7
ENABLED,B0CYLM4L23 - Body Lotion - SD - CPC - Remarketing,CAMPAIGN_STATUS_ENABLED,SD,MANUAL,Body Lotion,Dynamic bidding (up and down),$16.00,$16.00,0,0,0,0,$0.00,$0.00,$0.00,$0.00,0,$0.00,$0.00,0,0,0
ENABLED,B0CYK4G2Y8 - Facial Cleanser - SP KW - exact - oily skin cleanser,CAMPAIGN_STATUS_ENABLED,SP,MANUAL,Facial Cleanser,Fixed bids,$10.00,$10.00,1681,<5%,12,0.0071,$29.73,$29.73,$2.48,$2.48,0,$0.00,$0.00,0,0,0
ENABLED,B0CYKDSDJX - Hyaluronic Serum - SP KW - exact - hydraulic acid serum for face,CAMPAIGN_STATUS_ENABLED,SP,MANUAL,Hyaluronic Serum,Dynamic bidding (down only),$10.00,$10.00,4285,<5%,13,0.0030,$55.56,$55.56,$4.27,$4.27,2,$18.90,$18.90,2.9397,0.3401727861771058,0
ENABLED,B0CYLM4L23 - Body Lotion - SP KW - exact - BEST 1,CAMPAIGN_STATUS_ENABLED,SP,MANUAL,Body Lotion,Fixed bids,$15.00,$15.00,25484,<5%,196,0.0077,$492.41,$492.41,$2.51,$2.51,35,$609.11,$609.11,0.8084,1.236997623931276,0
ENABLED,B0CYLMJJJC - Dermatological Cream - SP KW - exact - 2,CAMPAIGN_STATUS_ENABLED,SP,MANUAL,Dermatological Cream,Fixed bids,$15.00,$15.00,12088,5.03%,28,0.0023,$62.17,$62.17,$2.22,$2.22,5,$56.95,$56.95,1.0917,0.9160366736368024,0
ENABLED,B0CYK4G2Y8 - Facial Cleanser - SP ASIN - Exact - Related Dermaglos Products,CAMPAIGN_STATUS_ENABLED,SP,MANUAL,Facial Cleanser,Dynamic bidding (down only),$1.00,$1.00,11534,<5%,43,0.0037,$57.49,$57.49,$1.34,$1.34,7,$115.03,$115.03,0.4998,2.0008697164724296,0
ENABLED,B0CYKDSDJX - Hyaluronic Serum - SP ASIN - Exact - Related Dermaglos Products,CAMPAIGN_STATUS_ENABLED,SP,MANUAL,Hyaluronic Serum,Dynamic bidding (down only),$10.00,$10.00,10695,<5%,41,0.0038,$56.49,$56.49,$1.38,$1.38,4,$49.12,$49.12,1.1500,0.8695344308727208,0
ENABLED,B0CYLDSQ5L - Body Cream - SP ASIN - Exact - Related Dermaglos Products,CAMPAIGN_STATUS_ENABLED,SP,MANUAL,Body Cream,Dynamic bidding (down only),$5.00,$5.00,27996,<5%,182,0.0065,$251.10,$251.10,$1.38,$1.38,28,$500.18,$500.18,0.5020,1.9919553962564716,0
ENABLED,B0CYK4G2Y8 - Facial Cleanser - SB - CPC - Broad - Dermaglos Defensive,CAMPAIGN_STATUS_ENABLED,SB2,MANUAL,Facial Cleanser,—,$12.00,$12.00,1898,<5%,38,0.0200,$67.86,$67.86,$1.79,$1.79,1,$9.89,$9.89,6.8615,0.1457412319481285,1
ENABLED,B0CYLDSQ5L - Body Cream - SB - CPC - Broad - Dermaglos Defensive,CAMPAIGN_STATUS_ENABLED,SB2,MANUAL,Body Cream,—,$12.00,$12.00,413,<5%,4,0.0097,$5.46,$5.46,$1.36,$1.36,0,$0.00,$0.00,0,0,0
ENABLED,B0CYKDSDJX - Hyaluronic Serum - SB - CPC - Broad - Dermaglos Defensive,CAMPAIGN_STATUS_ENABLED,SB2,MANUAL,Hyaluronic Serum,—,$12.00,$12.00,493,15.79%,10,0.0203,$9.06,$9.06,$0.91,$0.91,0,$0.00,$0.00,0,0,0
ENABLED,B0CYLMJJJC - Dermatological Cream - SP KW - Broad - Dermaglos,CAMPAIGN_STATUS_ENABLED,SP,MANUAL,Dermatological Cream,Dynamic bidding (down only),$12.00,$12.00,7716,<5%,54,0.0070,$44.78,$44.78,$0.83,$0.83,7,$76.93,$76.93,0.5821,1.7179544439481909,0
ENABLED,B0F6VZMF2V - Facial Skincare Set - SP KW - Broad - Dermaglos,CAMPAIGN_STATUS_ENABLED,SP,MANUAL,Facial Skincare Set,Dynamic bidding (down only),$10.00,$10.00,11137,<5%,85,0.0076,$114.90,$114.90,$1.35,$1.35,9,$217.43,$217.43,0.5284,1.8923411662315048,0
ENABLED,B0F548KTXD - Body Lotion 2Pack - SD - VCPM - Dermaglos Products,CAMPAIGN_STATUS_ENABLED,SD,MANUAL,Body Lotion 2Pack,Dynamic bidding (up and down),$25.00,$25.00,14189,0,11,0.0008,$55.25,$55.25,$5.02,$5.02,7,$131.06,$131.06,0.4216,2.3721550338881885,7
ENABLED,B0F6VZMF2V - Facial Skincare Set - SB - CPC - Broad - Dermaglos Defensive,CAMPAIGN_STATUS_ENABLED,SB2,MANUAL,Facial Skincare Set,—,$10.00,$10.00,5154,<5%,42,0.0081,$66.00,$66.00,$1.57,$1.57,6,$100.16,$100.16,0.6589,1.5175757575757578,3
ENABLED,B0F6VZMF2V - Facial Skincare Set - SD - VCPM - Dermaglos Products,CAMPAIGN_STATUS_ENABLED,SD,MANUAL,Facial Skincare Set,Dynamic bidding (up and down),$12.00,$12.00,3190,0,2,0.0006,$10.88,$10.88,$5.44,$5.44,0,$0.00,$0.00,0,0,0
ENABLED,B0F548KTXD - Body Lotion 2Pack - SB - CPC - Broad - Dermaglos Defensive,CAMPAIGN_STATUS_ENABLED,SB2,MANUAL,Body Lotion 2Pack,—,$6.00,$6.00,1685,<5%,18,0.0107,$28.09,$28.09,$1.56,$1.56,3,$96.33,$96.33,0.2916,3.4293342826628685,1
ENABLED,B0CYLM4L23 - Body Lotion - SP KW - Exact - lotion with vitamin a,CAMPAIGN_STATUS_ENABLED,SP,MANUAL,Body Lotion,Dynamic bidding (down only),$10.00,$10.00,1621,36.59%,37,0.0228,$114.73,$114.73,$3.10,$3.10,8,$144.10,$144.10,0.7962,1.2559923298178333,0
ENABLED,B0CYLM4L23 - Body Lotion - SP KW - Phrase - Dermaglos,CAMPAIGN_STATUS_ENABLED,SP,MANUAL,Body Lotion,Dynamic bidding (down only),$5.00,$5.00,2941,33.30%,138,0.0469,$192.63,$192.63,$1.40,$1.40,33,$642.27,$642.27,0.2999,3.3342158542283133,0
ENABLED,B0F548KTXD - Body Lotion 2Pack - SP ASIN - Exact - Related Dermaglos Products,CAMPAIGN_STATUS_ENABLED,SP,MANUAL,Body Lotion 2Pack,Dynamic bidding (down only),$10.00,$10.00,9863,<5%,72,0.0073,$122.45,$122.45,$1.70,$1.70,11,$277.65,$277.65,0.4410,2.2674561045324624,0
ENABLED,B0F548KTXD - Body Lotion 2Pack - SP KW - Phrase - Dermaglos,CAMPAIGN_STATUS_ENABLED,SP,MANUAL,Body Lotion 2Pack,Dynamic bidding (down only),$5.00,$5.00,2078,7.29%,36,0.0173,$60.89,$60.89,$1.69,$1.69,7,$154.26,$154.26,0.3947,2.533420922975858,0
ENABLED,B0F4KXZVNM - Dermatological 2Pack - SP KW - Exact - Related Dermaglos Products,CAMPAIGN_STATUS_ENABLED,SP,MANUAL,Dermatological 2Pack,Dynamic bidding (down only),$15.00,$15.00,12164,16.82%,180,0.0148,$304.64,$304.64,$1.69,$1.69,31,$474.58,$474.58,0.6419,1.557838760504203,0
ENABLED,B0F4KXZVNM - Dermatological 2Pack - SP KW - Phrase - Dermaglos,CAMPAIGN_STATUS_ENABLED,SP,MANUAL,Dermatological 2Pack,Dynamic bidding (down only),$8.00,$8.00,4559,14.91%,129,0.0283,$167.67,$167.67,$1.30,$1.30,21,$374.18,$374.18,0.4481,2.231645494125365,0
ENABLED,B0CYLM4L23 - Body Lotion - SP KW-  Exact - Lotion F3,CAMPAIGN_STATUS_ENABLED,SP,MANUAL,Body Lotion,Dynamic bidding (down only),$8.00,$8.00,10309,<5%,15,0.0015,$86.43,$86.43,$5.76,$5.76,1,$18.89,$18.89,4.5754,0.2185583709360176,0
ENABLED,B0CYLDSQ5L - Body Cream - SP-KW - Phrase - Dermaglos,CAMPAIGN_STATUS_ENABLED,SP,MANUAL,Body Cream,Dynamic bidding (down only),$5.00,$5.00,23326,9.85%,159,0.0068,$166.72,$166.72,$1.05,$1.05,31,$536.14,$536.14,0.3110,3.215810940499038,0
ENABLED,B0CYK4G2Y8 - Facial Cleanser - SP-KW - Phrase - Dermaglos,CAMPAIGN_STATUS_ENABLED,SP,MANUAL,Facial Cleanser,Dynamic bidding (down only),$10.00,$10.00,11627,<5%,123,0.0106,$133.02,$133.02,$1.08,$1.08,30,$421.09,$421.09,0.3159,3.165614193354383,0
ENABLED,B0CYK4G2Y8 - Facial Cleanser - SD - Dermaglos Defensive,CAMPAIGN_STATUS_ENABLED,SD,MANUAL,Facial Cleanser,Dynamic bidding (up and down),$10.00,$10.00,5549,0,5,0.0009,$16.00,$16.00,$3.20,$3.20,3,$33.88,$33.88,0.4722,2.117881218619351,2
ENABLED,B0CYLDSQ5L - Body Cream - SD - Dermaglos Defensive,CAMPAIGN_STATUS_ENABLED,SD,MANUAL,Body Cream,Dynamic bidding (up and down),$15.00,$15.00,15666,0,13,0.0008,$57.83,$57.83,$4.45,$4.45,9,$124.67,$124.67,0.4638,2.155922648255347,8
ENABLED,B0CYLMJJJC - Dermatological Cream - SD - Dermaglos Defensive,CAMPAIGN_STATUS_ENABLED,SD,MANUAL,Dermatological Cream,Dynamic bidding (up and down),$15.00,$15.00,9361,0,13,0.0014,$35.35,$35.35,$2.72,$2.72,6,$59.94,$59.94,0.5898,1.6954421344807507,4
ENABLED,All Products | SB - KW | Broad | Defensive | Dermaglos,CAMPAIGN_STATUS_ENABLED,SB2,MANUAL,SBH Campaigns,—,$10.00,$10.00,4743,69.15%,280,0.0590,$416.77,$416.77,$1.49,$1.49,112,"$1,948.38","$1,948.38",0.2139,4.674945208475097,71
ENABLED,B0CYKDSDJX - Hyaluronic Serum - SP KW - Exact - Dermaglos Cream,CAMPAIGN_STATUS_ENABLED,SP,MANUAL,Hyaluronic Serum,Dynamic bidding (down only),$5.00,$5.00,330,<5%,3,0.0091,$2.88,$2.88,$0.96,$0.96,0,$0.00,$0.00,0,0,0
ENABLED,B0CYKDSDJX - Hyaluronic Serum - SP KW - Exact - Defensive - Dermaglos,CAMPAIGN_STATUS_ENABLED,SP,MANUAL,Hyaluronic Serum,Dynamic bidding (down only),$5.00,$5.00,8350,7.52%,68,0.0081,$85.94,$85.94,$1.26,$1.26,15,$228.60,$228.60,0.3759,2.659995345589946,0
ENDED,B0CYLM4L23 - Body Lotion - SP - AUTO - Close Match,ENDED,SP,AUTOMATIC,Body Lotion,Dynamic bidding (down only),$8.00,$8.00,147542,<5%,206,0.0014,$335.18,$335.18,$1.63,$1.63,20,$368.02,$368.02,0.9108,1.0979772062772237,0
ENABLED,B0CYK4G2Y8 - Facial Cleanser - SP KW - Exact - Dermaglos Face Cleanser,CAMPAIGN_STATUS_ENABLED,SP,MANUAL,Facial Cleanser,Dynamic bidding (down only),$5.00,$5.00,2,50.00%,1,0.5000,$0.96,$0.96,$0.96,$0.96,0,$0.00,$0.00,0,0,0