Brand=["DERMAGLÓS"],Reporting Range=["Weekly"],Select week=["Week 10 | 2026-03-01 - 2026-03-07 2026"]
"Search Query","Search Query Score","Search Query Volume","Impressions: Total Count","Impressions: Brand Count","Impressions: Brand Share %","Clicks: Total Count","Clicks: Click Rate %","Clicks: Brand Count","Clicks: Brand Share %","Clicks: Price (Median)","Clicks: Brand Price (Median)","Clicks: Same Day Shipping Speed","Clicks: 1D Shipping Speed","Clicks: 2D Shipping Speed","Cart Adds: Total Count","Cart Adds: Cart Add Rate %","Cart Adds: Brand Count","Cart Adds: Brand Share %","Cart Adds: Price (Median)","Cart Adds: Brand Price (Median)","Cart Adds: Same Day Shipping Speed","Cart Adds: 1D Shipping Speed","Cart Adds: 2D Shipping Speed","Purchases: Total Count","Purchases: Purchase Rate %","Purchases: Brand Count","Purchases: Brand Share %","Purchases: Price (Median)","Purchases: Brand Price (Median)","Purchases: Same Day Shipping Speed","Purchases: 1D Shipping Speed","Purchases: 2D Shipping Speed","Reporting Date"
"dermaglos","1","158","3349","1836","54.82233502538071","50","31.645569620253166","48","96.0","13.489999771118164","13.489999771118164","4","21","5","18","11.39240506329114","16","88.88888888888889","9.989999771118164","9.989999771118164","0","10","2","5","3.1645569620253164","5","100.0","9.99","9.99","0","3","1","2026-03-07"
"vitamin a cream","2","472","14413","1210","8.395198778880177","159","33.686440677966104","24","15.09433962264151","18.969999313354492","9.989999771118164","14","64","38","66","13.983050847457626","16","24.242424242424242","16.989999771118164","9.989999771118164","3","24","16","10","2.11864406779661","4","40.0","11.97","9.99","1","3","5","2026-03-07"
"dermaglos crema","3","58","1155","687","59.48051948051948","29","50.0","29","100.0","16.989999771118164","16.989999771118164","5","9","4","9","15.517241379310345","9","100.0","9.989999771118164","9.989999771118164","2","4","2","2","3.4482758620689653","2","100.0","9.99","9.99","2","0","0","2026-03-07"
"dermaglos emulsion","4","14","260","133","51.15384615384615","10","71.42857142857143","10","100.0","18.889999389648438","18.889999389648438","0","4","5","7","50.0","7","100.0","18.889999389648438","18.889999389648438","0","2","4","3","21.428571428571427","3","100.0","18.89","18.89","0","1","1","2026-03-07"
"allantoin cream","5","163","4427","317","7.160605376101198","65","39.87730061349693","5","7.6923076923076925","9.989999771118164","9.989999771118164","11","23","18","23","14.11042944785276","4","17.391304347826086","9.779999732971191","9.989999771118164","4","10","5","7","4.294478527607362","2","28.571428571428573","7.59","9.99","0","3","2","2026-03-07"
"allantoin","6","543","15622","922","5.9019331711688645","259","47.697974217311234","10","3.861003861003861","12.989999771118164","9.989999771118164","28","110","71","129","23.756906077348066","2","1.550387596899225","12.989999771118164","9.989999771118164","14","59","36","29","5.3406998158379375","0","0.0","12.99",,"3","15","8","2026-03-07"
"dermaglos facial","7","23","489","230","47.034764826175866","8","34.78260869565217","8","100.0","13.489999771118164","13.489999771118164","0","3","1","4","17.391304347826086","4","100.0","9.989999771118164","9.989999771118164","0","3","0","0","0.0","0",,,,"0","0","0","2026-03-07"
"vitamin a cream for face","8","176","4286","350","8.166122258516099","85","48.29545454545455","5","5.882352941176471","18.969999313354492","16.989999771118164","13","40","16","33","18.75","1","3.0303030303030303","18.969999313354492","16.989999771118164","4","16","5","9","5.113636363636364","1","11.11111111111111","18.97","16.99","1","5","1","2026-03-07"
"dermagloss","9","11","129","118","91.47286821705427","2","18.181818181818183","2","100.0","9.989999771118164","9.989999771118164","0","2","0","2","18.181818181818183","2","100.0","9.989999771118164","9.989999771118164","0","2","0","1","9.090909090909092","1","100.0","16.99","16.99","0","1","0","2026-03-07"
"lotion with vitamin a","10","11","365","32","8.767123287671232","5","45.45454545454545","3","60.0","12.979999542236328","18.889999389648438","0","2","2","3","27.27272727272727","2","66.66666666666667","12.979999542236328","9.989999771118164","0","1","1","1","9.090909090909092","1","100.0","9.99","9.99","0","0","0","2026-03-07"
"eos lotion","11","117045","2497098","1242","0.04973773556344204","59654","50.96672220086291","0","0.0","9.970000267028809",,"13566","23001","7991","36008","30.764235977615446","0","0.0","9.970000267028809",,"9044","14098","4698","10245","8.753043701140587","0","0.0","9.97",,"3461","4418","1194","2026-03-07"
"codi lotion","12","10340","238418","1192","0.4999622511723108","4890","47.29206963249516","1","0.02044989775051125","13.989999771118164","32.11000061035156","230","1323","1121","2070","20.01934235976789","0","0.0","13.34000015258789",,"105","619","493","295","2.852998065764023","0","0.0","13.09",,"26","137","67","2026-03-07"
"micellar water","13","50234","1406340","451","0.03206905869135487","30088","59.895688179320786","3","0.009970752459452272","8.819999694824219","9.489999771118164","8429","13524","4069","21018","41.84018792053191","2","0.009515653249595584","8.819999694824219","9.489999771118164","6279","9585","2747","10791","21.48146673567703","0","0.0","8.82",,"3650","5174","1291","2026-03-07"
"vitamin a face cream","14","46","1096","62","5.656934306569343","17","36.95652173913043","1","5.882352941176471","17.5","16.989999771118164","0","5","5","6","13.043478260869565","1","16.666666666666668","16.989999771118164","16.989999771118164","0","1","2","4","8.695652173913043","1","25.0","9.99","16.99","0","1","2","2026-03-07"
"no no after treatment cream","15","21","459","12","2.6143790849673203","15","71.42857142857143","2","13.333333333333334","10.449999809265137","9.989999771118164","0","9","4","5","23.809523809523807","1","20.0","19.989999771118164","9.989999771118164","0","4","0","1","4.761904761904762","1","100.0","9.99","9.99","0","1","0","2026-03-07"
"dermaglos crema corporal","16","1","18","11","61.111111111111114","1","100.0","1","100.0","18.889999389648438","18.889999389648438","0","0","0","1","100.0","1","100.0","18.889999389648438","18.889999389648438","0","0","0","1","100.0","1","100.0","18.89","18.89","0","0","0","2026-03-07"
"vit a cream for skin","17","7","141","9","6.382978723404255","1","14.285714285714285","1","100.0","9.989999771118164","9.989999771118164","1","0","0","1","14.285714285714285","1","100.0","9.989999771118164","9.989999771118164","1","0","0","1","14.285714285714285","1","100.0","9.99","9.99","1","0","0","2026-03-07"
"dermaglos para ek cuerpo","18","1","8","8","100.0","1","100.0","1","100.0","13.489999771118164","13.489999771118164","0","1","0","1","100.0","1","100.0","13.489999771118164","13.489999771118164","0","1","0","1","100.0","1","100.0","13.49","13.49","0","1","0","2026-03-07"
"set de cremas ansiedad dermaglos","19","1","22","7","31.818181818181817","1","100.0","1","100.0","32.900001525878906","32.900001525878906","0","0","1","1","100.0","1","100.0","32.900001525878906","32.900001525878906","0","0","1","1","100.0","1","100.0","32.9","32.9","0","0","1","2026-03-07"
"dermaglos hyalironic acid","20","1","18","6","33.333333333333336","1","100.0","1","100.0","18.889999389648438","18.889999389648438","0","1","0","1","100.0","1","100.0","18.889999389648438","18.889999389648438","0","1","0","1","100.0","1","100.0","18.89","18.89","0","1","0","2026-03-07"
"crema para estrías para hombre","21","3","66","3","4.545454545454546","2","66.66666666666666","1","50.0","9.989999771118164","9.989999771118164","0","2","0","1","33.33333333333333","1","100.0","9.989999771118164","9.989999771118164","0","1","0","1","33.33333333333333","1","100.0","9.99","9.99","0","1","0","2026-03-07"
"retinoid cream stretch marks","22","1","21","1","4.761904761904762","1","100.0","1","100.0","9.989999771118164","9.989999771118164","0","0","0","1","100.0","1","100.0","9.989999771118164","9.989999771118164","0","0","0","1","100.0","1","100.0","9.99","9.99","0","0","0","2026-03-07"
"gel de limpieza dermaglos","23","3","66","18","27.272727272727273","4","133.33333333333331","4","100.0","9.890000343322754","9.890000343322754","0","0","0","3","100.0","3","100.0","9.890000343322754","9.890000343322754","0","0","0","0","0.0","0",,,,"0","0","0","2026-03-07"
"dermaglos moisturizing cream","24","2","42","29","69.04761904761905","2","100.0","2","100.0","9.989999771118164","9.989999771118164","0","2","0","2","100.0","2","100.0","9.989999771118164","9.989999771118164","0","2","0","0","0.0","0",,,,"0","0","0","2026-03-07"
"dexeryl","25","557","12973","503","3.877283588992523","149","26.750448833034113","2","1.342281879194631","24.989999771118164","18.889999389648438","4","11","17","28","5.026929982046679","0","0.0","22.899999618530273",,"2","2","3","6","1.0771992818671454","0","0.0","22.9",,"0","2","2","2026-03-07"
"body moisturizers","26","20511","530487","483","0.09104841400449021","6390","31.154014918824046","2","0.03129890453834116","9.979999542236328","13.489999771118164","1657","2335","910","3217","15.684266978694358","0","0.0","9.979999542236328",,"877","1155","457","883","4.305007069377408","0","0.0","9.98",,"297","374","111","2026-03-07"
"hipoglos cream","27","293","6112","436","7.133507853403142","117","39.93174061433447","0","0.0","24.989999771118164",,"8","13","12","49","16.723549488054605","0","0.0","22.989999771118164",,"4","6","7","7","2.3890784982935154","0","0.0","24.99",,"0","1","1","2026-03-07"
"vitamin a lotion for skin","28","22","605","44","7.2727272727272725","9","40.909090909090914","3","33.333333333333336","17.989999771118164","13.489999771118164","2","5","2","4","18.181818181818183","1","25.0","17.989999771118164","9.989999771118164","2","1","1","1","4.545454545454546","0","0.0","17.99",,"1","0","0","2026-03-07"
"vitamin e cream","29","4383","112781","80","0.07093393390730708","1880","42.89299566506959","2","0.10638297872340426","9.949999809265137","9.989999771118164","343","794","345","980","22.359114761578827","1","0.10204081632653061","8.079999923706055","9.989999771118164","194","424","174","495","11.293634496919918","0","0.0","8.09",,"109","233","84","2026-03-07"
"dermol 500 cream","30","30","484","94","19.421487603305785","13","43.333333333333336","1","7.6923076923076925","61.119998931884766","18.889999389648438","0","0","2","2","6.666666666666667","1","50.0","18.889999389648438","18.889999389648438","0","0","0","1","3.3333333333333335","0","0.0","61.12",,"0","0","0","2026-03-07"
"moisturizing body cream for dry skin","31","114","2401","52","2.165764264889629","44","38.59649122807017","2","4.545454545454546","15.970000267028809","13.489999771118164","11","22","7","28","24.561403508771928","1","3.5714285714285716","18.959999084472656","13.489999771118164","8","13","5","10","8.771929824561402","0","0.0","18.96",,"4","4","1","2026-03-07"
"dermaglos vitamina c","32","23","415","58","13.975903614457831","9","39.130434782608695","1","11.11111111111111","18.270000457763672","18.889999389648438","3","2","0","4","17.391304347826086","1","25.0","13.989999771118164","18.889999389648438","2","1","0","0","0.0","0",,,,"0","0","0","2026-03-07"
"pomada regeneradora para la piel para tatuajes","33","6","132","6","4.545454545454546","4","66.66666666666666","2","50.0","9.989999771118164","9.989999771118164","0","0","0","2","33.33333333333333","1","50.0","9.989999771118164","9.989999771118164","0","0","0","0","0.0","0",,,,"0","0","0","2026-03-07"
"vitamin a topical","34","15","365","5","1.36986301369863","8","53.333333333333336","2","25.0","16.989999771118164","16.989999771118164","0","2","6","2","13.333333333333334","1","50.0","16.989999771118164","16.989999771118164","0","0","2","0","0.0","0",,,,"0","0","0","2026-03-07"
"allantoin lotion","35","15","499","40","8.016032064128256","11","73.33333333333333","1","9.090909090909092","12.90999984741211","13.489999771118164","2","2","6","9","60.0","1","11.11111111111111","13.489999771118164","13.489999771118164","1","1","6","1","6.666666666666667","0","0.0","22.96",,"0","1","0","2026-03-07"
"vertaderm cream","36","484","12733","321","2.5210084033613445","55","11.363636363636363","0","0.0","19.989999771118164",,"6","29","8","5","1.0330578512396695","0","0.0","13.989999771118164",,"1","3","0","2","0.4132231404958678","0","0.0","13.99",,"0","2","0","2026-03-07"
"dermaskin crema colombia","37","19","332","18","5.421686746987952","5","26.31578947368421","1","20.0","27.5","9.989999771118164","0","3","1","1","5.263157894736842","1","100.0","9.989999771118164","9.989999771118164","0","1","0","0","0.0","0",,,,"0","0","0","2026-03-07"
"dermoval crema","38","11","184","16","8.695652173913043","1","9.090909090909092","1","100.0","13.489999771118164","13.489999771118164","0","1","0","1","9.090909090909092","1","100.0","13.489999771118164","13.489999771118164","0","1","0","0","0.0","0",,,,"0","0","0","2026-03-07"
"dernalibour crema","39","8","144","16","11.11111111111111","5","62.5","1","20.0","19.0","9.989999771118164","0","5","0","3","37.5","1","33.333333333333336","19.0","9.989999771118164","0","3","0","0","0.0","0",,,,"0","0","0","2026-03-07"
"gluten free body cream","40","28","564","15","2.6595744680851063","10","35.714285714285715","1","10.0","9.989999771118164","13.489999771118164","0","0","0","3","10.714285714285714","1","33.333333333333336","13.5600004196167","13.489999771118164","0","0","0","0","0.0","0",,,,"0","0","0","2026-03-07"
"vitamin a skin cream","41","6","284","15","5.28169014084507","1","16.666666666666664","1","100.0","9.989999771118164","9.989999771118164","0","1","0","1","16.666666666666664","1","100.0","9.989999771118164","9.989999771118164","0","1","0","0","0.0","0",,,,"0","0","0","2026-03-07"
"dermaglos emulsión","42","1","18","10","55.55555555555556","1","100.0","1","100.0","32.11000061035156","32.11000061035156","0","0","0","1","100.0","1","100.0","32.11000061035156","32.11000061035156","0","0","0","0","0.0","0",,,,"0","0","0","2026-03-07"
"detmaglos emulsion","43","1","18","9","50.0","1","100.0","1","100.0","18.889999389648438","18.889999389648438","0","0","0","1","100.0","1","100.0","18.889999389648438","18.889999389648438","0","0","0","0","0.0","0",,,,"0","0","0","2026-03-07"
"dermaglos crema cuerpo","44","1","21","9","42.857142857142854","1","100.0","1","100.0","13.489999771118164","13.489999771118164","1","0","0","1","100.0","1","100.0","13.489999771118164","13.489999771118164","1","0","0","0","0.0","0",,,,"0","0","0","2026-03-07"
"vitamin a retinoid face cream","45","4","88","8","9.090909090909092","2","50.0","1","50.0","9.989999771118164","9.989999771118164","0","1","1","2","50.0","1","50.0","9.989999771118164","9.989999771118164","0","1","1","0","0.0","0",,,,"0","0","0","2026-03-07"
"dermaglos bb cream","46","6","138","7","5.072463768115942","2","33.33333333333333","1","50.0","7.989999771118164","16.989999771118164","0","2","0","1","16.666666666666664","1","100.0","16.989999771118164","16.989999771118164","0","1","0","0","0.0","0",,,,"0","0","0","2026-03-07"
"easyderm cream","47","8","142","6","4.225352112676056","1","12.5","1","100.0","9.989999771118164","9.989999771118164","0","1","0","1","12.5","1","100.0","9.989999771118164","9.989999771118164","0","1","0","0","0.0","0",,,,"0","0","0","2026-03-07"
"ckd guaranteed lacto-derm beneficial moisturizing body lotion","48","6","132","6","4.545454545454546","4","66.66666666666666","1","25.0","9.899999618530273","13.489999771118164","2","2","0","3","50.0","1","33.333333333333336","9.899999618530273","13.489999771118164","2","1","0","0","0.0","0",,,,"0","0","0","2026-03-07"
"bepanthen cream","49","7211","152447","6","0.003935794079253773","3874","53.72347801969214","1","0.02581311306143521","20.989999771118164","9.989999771118164","115","552","603","1670","23.15906254333657","1","0.059880239520958084","19.489999771118164","9.989999771118164","41","242","302","369","5.117182082928859","0","0.0","15.18",,"12","78","78","2026-03-07"
"niacinamida dermaglos","50","3","68","5","7.352941176470588","1","33.33333333333333","1","100.0","9.989999771118164","9.989999771118164","0","0","0","1","33.33333333333333","1","100.0","9.989999771118164","9.989999771118164","0","0","0","0","0.0","0",,,,"0","0","0","2026-03-07"
"crema para todo ell cuerpo para mujeres de 47 años","51","4","32","4","12.5","4","100.0","1","25.0","13.489999771118164","13.489999771118164","1","3","0","3","75.0","1","33.333333333333336","13.489999771118164","13.489999771118164","1","2","0","0","0.0","0",,,,"0","0","0","2026-03-07"
"limpiador para grasas mixtas de dermaglos","52","2","12","4","33.333333333333336","1","50.0","1","100.0","9.890000343322754","9.890000343322754","0","1","0","1","50.0","1","100.0","9.890000343322754","9.890000343322754","0","1","0","0","0.0","0",,,,"0","0","0","2026-03-07"
"vitamin e micro needles spot cream","53","3","66","3","4.545454545454546","6","200.0","1","16.666666666666668","9.989999771118164","9.989999771118164","2","4","0","4","133.33333333333331","1","25.0","9.989999771118164","9.989999771118164","2","2","0","0","0.0","0",,,,"0","0","0","2026-03-07"
"lotion woth viramin a","54","1","20","3","15.0","1","100.0","1","100.0","9.989999771118164","9.989999771118164","0","1","0","1","100.0","1","100.0","9.989999771118164","9.989999771118164","0","1","0","0","0.0","0",,,,"0","0","0","2026-03-07"
"crema para la celulitis y estrias dermaglos","55","1","22","3","13.636363636363637","1","100.0","1","100.0","9.989999771118164","9.989999771118164","0","0","0","1","100.0","1","100.0","9.989999771118164","9.989999771118164","0","0","0","0","0.0","0",,,,"0","0","0","2026-03-07"
"￼vitamin a cream for face","56","1","22","3","13.636363636363637","2","200.0","1","50.0","16.989999771118164","16.989999771118164","0","0","1","1","100.0","1","100.0","16.989999771118164","16.989999771118164","0","0","1","0","0.0","0",,,,"0","0","0","2026-03-07"
"rapid absorption moisturizer","57","3","66","3","4.545454545454546","1","33.33333333333333","1","100.0","13.489999771118164","13.489999771118164","0","0","1","1","33.33333333333333","1","100.0","13.489999771118164","13.489999771118164","0","0","1","0","0.0","0",,,,"0","0","0","2026-03-07"
"vitamina a body cream","58","3","53","3","5.660377358490566","1","33.33333333333333","1","100.0","9.989999771118164","9.989999771118164","0","1","0","1","33.33333333333333","1","100.0","9.989999771118164","9.989999771118164","0","1","0","0","0.0","0",,,,"0","0","0","2026-03-07"
"anguento dermelan crema","59","2","38","3","7.894736842105263","1","50.0","1","100.0","9.989999771118164","9.989999771118164","0","1","0","1","50.0","1","100.0","9.989999771118164","9.989999771118164","0","1","0","0","0.0","0",,,,"0","0","0","2026-03-07"
"product to help skin with wegovy","60","2","2","2","100.0","1","50.0","1","100.0","9.989999771118164","9.989999771118164","1","0","0","1","50.0","1","100.0","9.989999771118164","9.989999771118164","1","0","0","0","0.0","0",,,,"0","0","0","2026-03-07"
"crema para tatuar","61","37","694","2","0.2881844380403458","16","43.24324324324324","1","6.25","14.960000038146973","9.989999771118164","1","13","2","7","18.91891891891892","1","14.285714285714286","14.880000114440918","9.989999771118164","1","6","0","0","0.0","0",,,,"0","0","0","2026-03-07"
"eos body lotion","62","9749","224318","295","0.1315097317201473","4728","48.49728177248949","0","0.0","9.970000267028809",,"1184","1706","606","2740","28.105446712483335","0","0.0","9.970000267028809",,"724","1021","373","774","7.93927582316135","0","0.0","9.97",,"251","323","111","2026-03-07"
"crepe skin firming cream","63","1598","74256","1","0.0013466925231631114","170","10.638297872340425","1","0.5882352941176471","16.969999313354492","9.989999771118164","37","72","42","88","5.506883604505632","1","1.1363636363636365","16.969999313354492","9.989999771118164","18","39","20","26","1.6270337922403004","0","0.0","16.97",,"6","11","5","2026-03-07"
"dr lift hydration micellar cleansing water sensitive skin","64","2","56","1","1.7857142857142858","2","100.0","1","50.0","7.860000133514404","9.489999771118164","0","2","0","1","50.0","1","100.0","9.489999771118164","9.489999771118164","0","1","0","0","0.0","0",,,,"0","0","0","2026-03-07"
"face cream for deep lines","65","8","179","1","0.5586592178770949","8","100.0","1","12.5","9.989999771118164","9.989999771118164","5","2","1","4","50.0","1","25.0","8.989999771118164","9.989999771118164","3","0","1","0","0.0","0",,,,"0","0","0","2026-03-07"
"the best body moisturizer","66","1","22","1","4.545454545454546","1","100.0","1","100.0","13.489999771118164","13.489999771118164","0","1","0","1","100.0","1","100.0","13.489999771118164","13.489999771118164","0","1","0","0","0.0","0",,,,"0","0","0","2026-03-07"
"acne face wash gel","67","1","60","1","1.6666666666666667","2","200.0","1","50.0","9.890000343322754","9.890000343322754","0","2","0","2","200.0","1","50.0","9.890000343322754","9.890000343322754","0","2","0","0","0.0","0",,,,"0","0","0","2026-03-07"
"vitamin a cream for skin","68","41","1041","84","8.069164265129682","13","31.70731707317073","4","30.76923076923077","16.959999084472656","9.989999771118164","2","3","6","5","12.195121951219512","0","0.0","17.989999771118164",,"2","1","2","3","7.317073170731707","0","0.0","17.99",,"1","1","1","2026-03-07"
"eucerin dermopure oil control","69","636","13811","135","0.9774817174715806","140","22.0125786163522","2","1.4285714285714286","17.190000534057617","9.890000343322754","12","32","23","37","5.817610062893082","0","0.0","18.639999389648438",,"4","8","4","0","0.0","0",,,,"0","0","0","2026-03-07"
"codi lotion pomegranate","70","504","9734","203","2.0854735976987877","337","66.86507936507937","0","0.0","13.989999771118164",,"5","49","82","222","44.047619047619044","0","0.0","13.989999771118164",,"2","28","56","17","3.373015873015873","0","0.0","13.99",,"0","2","4","2026-03-07"
"bepantol derma","71","2059","42324","184","0.43474151781495135","511","24.817872753763965","0","0.0","17.989999771118164",,"30","129","69","156","7.576493443419135","0","0.0","13.850000381469727",,"12","43","28","26","1.2627489072365226","0","0.0","13.85",,"4","6","5","2026-03-07"
"vitamin e lotion for skin","72","317","9732","165","1.6954377311960542","106","33.4384858044164","0","0.0","9.979999542236328",,"16","50","22","65","20.50473186119874","0","0.0","9.949999809265137",,"9","32","13","32","10.094637223974763","0","0.0","9.95",,"5","17","8","2026-03-07"
"crema corporal para mujer","73","797","19226","84","0.43690835327161137","262","32.8732747804266","2","0.7633587786259542","9.989999771118164","13.489999771118164","49","83","24","98","12.296110414052698","0","0.0","9.979999542236328",,"22","28","9","10","1.2547051442910917","0","0.0","9.97",,"4","4","1","2026-03-07"
"dermaglós cream with vitamin a 600.000 ui, vitamine e, allantoin (200 g / 7.05)","74","1","11","5","45.45454545454545","9","900.0","4","44.44444444444444","16.989999771118164","16.989999771118164","1","3","4","0","0.0","0",,,,"0","0","0","0","0.0","0",,,,"0","0","0","2026-03-07"
"eos lotion strawberry dream","75","1060","24016","152","0.6329113924050633","634","59.81132075471698","0","0.0","9.970000267028809",,"103","185","104","481","45.37735849056604","0","0.0","9.970000267028809",,"82","144","84","124","11.69811320754717","0","0.0","9.97",,"25","53","22","2026-03-07"
"eos pomegranate raspberry lotion","76","875","19516","150","0.7686001229760197","560","64.0","0","0.0","9.970000267028809",,"62","145","108","416","47.542857142857144","0","0.0","9.970000267028809",,"52","114","84","92","10.514285714285714","0","0.0","9.97",,"12","34","20","2026-03-07"
"vitamin a lotion","77","35","829","72","8.685162846803378","7","20.0","2","28.571428571428573","19.25","9.989999771118164","0","2","1","3","8.571428571428571","0","0.0","19.989999771118164",,"0","1","0","0","0.0","0",,,,"0","0","0","2026-03-07"
"dermovate cream 25g","78","145","2094","109","5.2053486150907355","49","33.793103448275865","1","2.0408163265306123","15.899999618530273","9.989999771118164","2","12","4","6","4.137931034482759","0","0.0","15.899999618530273",,"0","0","0","0","0.0","0",,,,"0","0","0","2026-03-07"
"lotion for extremely dry skin","79","18576","436334","100","0.02291822319599206","7653","41.19832041343669","1","0.013066771200836273","9.989999771118164","13.489999771118164","2380","3264","935","4958","26.690353143841516","0","0.0","9.970000267028809",,"1708","2088","555","2356","12.683031869078382","0","0.0","9.975000000000001",,"902","1033","247","2026-03-07"
"vitamin e lotion","80","1091","32213","99","0.3073293390867041","440","40.329972502291476","1","0.22727272727272727","9.949999809265137","18.889999389648438","55","200","119","226","20.714940421631532","0","0.0","8.989999771118164",,"35","101","54","98","8.982584784601283","0","0.0","8.25",,"21","42","21","2026-03-07"
"dermaglo","81","9","179","133","74.30167597765363","2","22.22222222222222","0","0.0","24.969999313354492",,"0","0","0","0","0.0","0",,,,"0","0","0","0","0.0","0",,,,"0","0","0","2026-03-07"
"glycerin","82","16611","434319","129","0.029701670891671788","7438","44.77755704051532","0","0.0","9.989999771118164",,"1572","3108","1198","4897","29.48046475227259","0","0.0","9.989999771118164",,"1112","2097","776","1678","10.101739810968635","0","0.0","9.99",,"416","788","266","2026-03-07"
"body wrinkles","83","224","12116","129","1.0647078243644768","0","0.0","0",,,,"0","0","0","0","0.0","0",,,,"0","0","0","0","0.0","0",,,,"0","0","0","2026-03-07"
"body lotion for women","84","16862","450516","129","0.028633833204592066","5823","34.53327007472423","0","0.0","10.970000267028809",,"1586","2523","774","3250","19.274107460562213","0","0.0","10.859999656677246",,"1002","1397","383","1431","8.486537777250623","0","0.0","10.97",,"489","668","151","2026-03-07"
"amlactin lotion","85","22487","519117","89","0.017144497290591525","13123","58.35816249388536","1","0.007620208793720948","15.970000267028809","18.889999389648438","3652","5437","1786","7022","31.226931115755768","0","0.0","15.970000267028809",,"2117","2876","985","2600","11.562235958553831","0","0.0","15.97",,"922","1122","339","2026-03-07"
"eos lotion pistachio","86","1361","30738","118","0.3838896479927126","813","59.73548861131521","0","0.0","9.979999542236328",,"176","274","140","635","46.656869948567234","0","0.0","9.979999542236328",,"152","227","100","202","14.842027920646583","0","0.0","9.98",,"63","84","27","2026-03-07"
"vanicream gentle facial cleanser","87","22707","531831","117","0.021999469756369974","14393","63.3857400801515","0","0.0","9.970000267028809",,"4515","6306","1831","11334","49.914123398071084","0","0.0","9.970000267028809",,"3716","4977","1392","5862","25.815827718324748","0","0.0","9.97",,"2113","2693","670","2026-03-07"
"dermaglos ultra hidratacion","88","3","47","42","89.36170212765957","2","66.66666666666666","2","100.0","9.989999771118164","9.989999771118164","0","0","0","0","0.0","0",,,,"0","0","0","0","0.0","0",,,,"0","0","0","2026-03-07"
"crema para las manchas de los genitales","89","17","381","4","1.0498687664041995","27","158.8235294117647","3","11.11111111111111","8.989999771118164","9.989999771118164","4","16","5","3","17.647058823529413","0","0.0","9.989999771118164",,"0","2","0","1","5.88235294117647","0","0.0","2.99",,"0","1","0","2026-03-07"
"vitamin e cream for skin","90","474","14229","112","0.7871248857966126","141","29.746835443037973","0","0.0","8.079999923706055",,"25","53","33","80","16.877637130801688","0","0.0","8.069999694824219",,"14","34","17","52","10.970464135021098","0","0.0","8.07",,"6","28","10","2026-03-07"
"body cream for extremely dry skin","91","716","18923","74","0.39105850023780586","238","33.24022346368715","1","0.42016806722689076","15.970000267028809","13.489999771118164","75","104","22","128","17.877094972067038","0","0.0","15.779999732971191",,"44","58","11","58","8.100558659217876","0","0.0","14.97",,"17","35","4","2026-03-07"
"dermovate cream","92","721","15911","109","0.6850606498648734","118","16.36615811373093","0","0.0","15.899999618530273",,"11","43","19","31","4.2995839112343965","0","0.0","11.989999771118164",,"4","12","6","2","0.27739251040221913","0","0.0","11.99",,"0","1","1","2026-03-07"
"hidratantes para cuerpo","93","1999","43484","107","0.24606751908748045","580","29.014507253626814","0","0.0","9.970000267028809",,"90","123","52","264","13.206603301650826","0","0.0","9.970000267028809",,"50","45","23","39","1.9509754877438719","0","0.0","9.97",,"4","10","2","2026-03-07"
"fresh and cozy eos lotion","94","1132","23130","103","0.4453091223519239","726","64.13427561837456","0","0.0","9.970000267028809",,"172","258","137","582","51.41342756183745","0","0.0","9.970000267028809",,"139","206","108","153","13.51590106007067","0","0.0","9.97",,"47","62","27","2026-03-07"
"hydraulic acid serum for face","95","1264","37529","97","0.2584667856857364","543","42.958860759493675","0","0.0","10.899999618530273",,"127","245","100","306","24.20886075949367","0","0.0","9.899999618530273",,"80","146","45","121","9.572784810126581","0","0.0","9.9",,"32","67","14","2026-03-07"
"vit a lotion","96","6","350","22","6.285714285714286","4","66.66666666666666","2","50.0","9.0","18.889999389648438","0","0","0","1","16.666666666666664","0","0.0","9.0",,"0","0","0","1","16.666666666666664","0","0.0","9.0",,"0","0","0","2026-03-07"
"dermaglos nocturna","97","3","59","20","33.898305084745765","3","100.0","2","66.66666666666667","9.989999771118164","9.989999771118164","0","0","0","1","33.33333333333333","0","0.0","9.989999771118164",,"0","0","0","0","0.0","0",,,,"0","0","0","2026-03-07"
"eos strawberry dream lotion","98","922","20478","92","0.44926262330305694","621","67.353579175705","0","0.0","9.970000267028809",,"155","173","111","485","52.603036876355745","0","0.0","9.970000267028809",,"128","138","81","141","15.292841648590022","0","0.0","9.97",,"46","37","23","2026-03-07"
"vaseline cocoa radiant","99","17272","372090","92","0.02472520089225725","8646","50.057897174617885","0","0.0","9.970000267028809",,"1971","3287","1043","4900","28.369615562760536","0","0.0","8.970000267028809",,"1209","1944","617","1369","7.9261232051875865","0","0.0","9.97",,"400","610","174","2026-03-07"
"vitamin a cream for scars","100","9","187","17","9.090909090909092","6","66.66666666666666","2","33.333333333333336","9.989999771118164","9.989999771118164","1","3","2","3","33.33333333333333","0","0.0","13.949999809265137",,"0","1","2","2","22.22222222222222","0","0.0","9.37",,"0","0","2","2026-03-07"
"agua micelar","101","3605","98476","91","0.09240830253056583","1643","45.575589459084604","0","0.0","8.819999694824219",,"334","458","166","871","24.160887656033285","0","0.0","8.819999694824219",,"211","250","80","256","7.1012482662968095","0","0.0","8.82",,"73","94","22","2026-03-07"
"eos lotion coconut water","102","763","16543","90","0.5440367527050717","450","58.97771952817824","0","0.0","8.979999542236328",,"123","191","55","361","47.313237221494106","0","0.0","8.979999542236328",,"95","161","45","138","18.086500655307994","0","0.0","8.98",,"42","72","10","2026-03-07"
"alantoina crema","103","12","206","52","25.24271844660194","5","41.66666666666667","1","20.0","7.590000152587891","9.989999771118164","0","0","0","1","8.333333333333332","0","0.0","7.590000152587891",,"0","0","0","0","0.0","0",,,,"0","0","0","2026-03-07"
"dokdo cleanser","104","1240","32053","89","0.27766511714972075","687","55.403225806451616","0","0.0","13.5",,"136","213","130","410","33.064516129032256","0","0.0","13.5",,"79","133","80","158","12.741935483870966","0","0.0","13.5",,"41","56","29","2026-03-07"
"eucerin oil control","105","756","17376","88","0.5064456721915286","218","28.835978835978835","0","0.0","17.989999771118164",,"6","43","22","70","9.25925925925926","0","0.0","18.639999389648438",,"2","17","9","12","1.5873015873015872","0","0.0","18.64",,"0","3","1","2026-03-07"
"allantoin moisturizers for face and body","106","21","506","50","9.881422924901186","10","47.61904761904761","1","10.0","15.970000267028809","18.889999389648438","4","2","3","2","9.523809523809524","0","0.0","9.289999961853027",,"1","1","0","0","0.0","0",,,,"0","0","0","2026-03-07"
"nivea cream","107","20860","456021","87","0.019078068773148604","9524","45.65675934803451","0","0.0","10.270000457763672",,"2076","4004","1471","5036","24.141898370086288","0","0.0","9.960000038146973",,"1241","2183","723","1823","8.7392138063279","0","0.0","9.96",,"528","853","265","2026-03-07"
"demipectinate","108","32","668","85","12.724550898203592","0","0.0","0",,,,"0","0","0","0","0.0","0",,,,"0","0","0","0","0.0","0",,,,"0","0","0","2026-03-07"
"advaita dermage lotion","109","5","100","10","10.0","4","80.0","2","50.0","13.489999771118164","13.489999771118164","0","3","0","0","0.0","0",,,,"0","0","0","0","0.0","0",,,,"0","0","0","2026-03-07"
"dermaglos crema para estrías del embarazo","110","2","44","10","22.727272727272727","3","150.0","2","66.66666666666667","18.889999389648438","16.989999771118164","0","0","0","1","50.0","0","0.0","24.989999771118164",,"0","0","0","0","0.0","0",,,,"0","0","0","2026-03-07"
"cerave cream to foam cleanser","111","1464","38088","84","0.2205419029615627","959","65.50546448087432","0","0.0","18.959999084472656",,"308","394","102","613","41.87158469945355","0","0.0","18.959999084472656",,"197","258","67","255","17.418032786885245","0","0.0","18.96",,"92","114","25","2026-03-07"
"crema facial con vitamina a o m elatonina","112","4","100","9","9.0","3","75.0","2","66.66666666666667","16.989999771118164","9.989999771118164","0","3","0","0","0.0","0",,,,"0","0","0","0","0.0","0",,,,"0","0","0","2026-03-07"
"crema hidratante para la cara","113","22562","485662","8","0.001647236143655464","7313","32.41290665721124","2","0.02734855736359907","18.959999084472656","9.989999771118164","1235","2203","692","2740","12.144313447389415","0","0.0","18.780000686645508",,"545","819","255","620","2.7479833348107436","0","0.0","17.99",,"158","231","55","2026-03-07"
"la roche-posay toleriane hydrating gentle cleanser","114","2520","64918","82","0.1263131951076743","1659","65.83333333333333","0","0.0","19.989999771118164",,"466","669","200","1179","46.785714285714285","0","0.0","19.989999771118164",,"350","484","150","458","18.174603174603174","0","0.0","19.99",,"160","203","57","2026-03-07"
"crema con vitamina a y d regeneradora de la piel para eczemas","115","9","174","7","4.022988505747127","3","33.33333333333333","2","66.66666666666667","16.989999771118164","9.989999771118164","0","0","1","1","11.11111111111111","0","0.0","23.0",,"0","0","1","1","11.11111111111111","0","0.0","23.0",,"0","0","1","2026-03-07"
"retinoids for stretch marks vitamin a","116","3","69","6","8.695652173913043","2","66.66666666666666","2","100.0","9.989999771118164","9.989999771118164","0","2","0","0","0.0","0",,,,"0","0","0","0","0.0","0",,,,"0","0","0","2026-03-07"
"tratamiento dermapen","117","9","183","6","3.278688524590164","5","55.55555555555556","2","40.0","9.989999771118164","9.989999771118164","0","0","0","2","22.22222222222222","0","0.0","8.970000267028809",,"0","0","0","0","0.0","0",,,,"0","0","0","2026-03-07"
"jergens ultra healing lotion","118","3439","87600","79","0.09018264840182648","1784","51.875545216632744","0","0.0","10.859999656677246",,"503","731","237","1210","35.184646699621986","0","0.0","10.859999656677246",,"364","508","163","670","19.48240767665019","0","0.0","10.86",,"206","302","91","2026-03-07"
"cerave hydrating cleanser","119","2943","77777","78","0.10028671715288581","1620","55.04587155963303","0","0.0","15.970000267028809",,"437","627","201","1103","37.47876316683656","0","0.0","15.970000267028809",,"322","446","132","395","13.421678559293237","0","0.0","15.97",,"141","169","47","2026-03-07"
"cerave moisturizing lotion for sensitive skin","120","18","395","4","1.0126582278481013","26","144.44444444444443","2","7.6923076923076925","14.970000267028809","13.489999771118164","5","17","0","0","0.0","0",,,,"0","0","0","0","0.0","0",,,,"0","0","0","2026-03-07"
"lotion for stretch marks","121","302","9673","75","0.7753540783624522","101","33.443708609271525","0","0.0","11.119999885559082",,"26","44","15","46","15.2317880794702","0","0.0","7.090000152587891",,"15","17","6","17","5.629139072847682","0","0.0","7.09",,"4","6","2","2026-03-07"
"vitamin e moisturizer","122","170","5890","37","0.6281833616298812","50","29.411764705882355","1","2.0","11.119999885559082","16.989999771118164","8","23","6","24","14.117647058823529","0","0.0","8.109999656677246",,"5","13","2","10","5.88235294117647","0","0.0","14.8",,"2","5","1","2026-03-07"
"eos pistachio lotion","123","931","22189","73","0.32899184280499344","547","58.75402792696026","0","0.0","9.979999542236328",,"127","188","108","417","44.79054779806659","0","0.0","9.979999542236328",,"95","148","85","137","14.715359828141782","0","0.0","9.98",,"37","62","22","2026-03-07"
"stretch mark lotion","124","649","17127","73","0.4262275938576517","286","44.06779661016949","0","0.0","9.989999771118164",,"83","110","44","174","26.810477657935284","0","0.0","7.090000152587891",,"53","71","30","80","12.326656394453005","0","0.0","7.09",,"25","34","16","2026-03-07"
"stretch mark cream","125","12347","297572","73","0.024531877999274126","5736","46.45662914068195","0","0.0","13.579999923706055",,"1295","2329","944","2916","23.61707297319187","0","0.0","11.119999885559082",,"725","1222","460","1020","8.261116060581518","0","0.0","10.9",,"307","483","130","2026-03-07"
"anua pdrn cream","126","235","6857","72","1.0500218754557387","151","64.25531914893618","0","0.0","23.979999542236328",,"44","66","15","100","42.5531914893617","0","0.0","23.979999542236328",,"35","43","10","21","8.936170212765958","0","0.0","23.98",,"9","10","1","2026-03-07"
"eos lotion jasmine peach","127","347","8221","71","0.8636418927137818","227","65.4178674351585","0","0.0","7.96999979019165",,"42","76","43","175","50.43227665706051","0","0.0","7.96999979019165",,"36","57","38","50","14.409221902017292","0","0.0","7.97",,"12","21","11","2026-03-07"
"cerave hydrating cream to foam cleanser","128","869","21654","71","0.3278839937194052","587","67.54890678941312","0","0.0","18.959999084472656",,"188","240","68","433","49.82738780207135","0","0.0","18.959999084472656",,"145","172","50","182","20.94361334867664","0","0.0","18.96",,"69","76","20","2026-03-07"
"dermaglos protector solar","129","22","388","70","18.04123711340206","6","27.27272727272727","0","0.0","12.479999542236328",,"0","0","2","1","4.545454545454546","0","0.0","12.479999542236328",,"0","0","0","0","0.0","0",,,,"0","0","0","2026-03-07"
"body moisturizer","130","3369","126536","69","0.054529936144654484","746","22.143069159988126","0","0.0","13.5600004196167",,"195","281","99","397","11.78391214010092","0","0.0","12.979999542236328",,"105","160","50","173","5.1350549124369245","0","0.0","11.99",,"55","68","30","2026-03-07"
"quinaderm cream","131","213","3960","32","0.8080808080808081","47","22.065727699530516","1","2.127659574468085","16.969999313354492","9.989999771118164","9","19","3","7","3.286384976525822","0","0.0","16.969999313354492",,"0","5","1","3","1.4084507042253522","0","0.0","16.97",,"0","2","0","2026-03-07"
"dermaglós","132","3","87","31","35.632183908045974","1","33.33333333333333","1","100.0","16.989999771118164","16.989999771118164","0","1","0","0","0.0","0",,,,"0","0","0","0","0.0","0",,,,"0","0","0","2026-03-07"
"beauty & personal care","133","2688","101204","68","0.0671910201177819","85","3.162202380952381","0","0.0","9.989999771118164",,"3","2","4","11","0.4092261904761905","0","0.0","1396.625",,"0","1","3","0","0.0","0",,,,"0","0","0","2026-03-07"
"allantoid","134","36","1384","67","4.841040462427745","0","0.0","0",,,,"0","0","0","0","0.0","0",,,,"0","0","0","0","0.0","0",,,,"0","0","0","2026-03-07"
"eos lotion lotion","135","2216","43199","67","0.15509618278200885","1236","55.77617328519856","0","0.0","9.970000267028809",,"272","434","189","694","31.31768953068592","0","0.0","9.970000267028809",,"173","245","115","176","7.9422382671480145","0","0.0","9.97",,"69","70","18","2026-03-07"
"garnier micellar water","136","8228","201515","67","0.033248145299357365","4622","56.17403986387943","0","0.0","8.819999694824219",,"1285","2043","595","2785","33.847836655323285","0","0.0","8.819999694824219",,"870","1230","325","1378","16.747690811861933","0","0.0","8.82",,"466","657","153","2026-03-07"
"body cream for women","137","2917","75839","66","0.08702646395653951","901","30.887898525882758","0","0.0","12.979999542236328",,"223","374","143","439","15.049708604730888","0","0.0","12.979999542236328",,"120","191","58","177","6.067877956804937","0","0.0","11.99",,"54","81","21","2026-03-07"
"micellar water makeup remover","138","13830","386494","66","0.017076591098438787","8601","62.19088937093276","0","0.0","8.819999694824219",,"2570","3992","1159","6046","43.71655820679682","0","0.0","8.819999694824219",,"1871","2848","776","3512","25.394070860448302","0","0.0","8.82",,"1189","1708","409","2026-03-07"
"retinoid cream for body","139","73","3660","66","1.8032786885245902","7","9.58904109589041","0","0.0","19.989999771118164",,"2","1","1","5","6.8493150684931505","0","0.0","19.989999771118164",,"2","1","1","3","4.10958904109589","0","0.0","19.99",,"2","0","1","2026-03-07"
"nivea breathable body lotion","140","246","6509","66","1.01398064218774","117","47.5609756097561","0","0.0","7.289999961853027",,"35","50","18","64","26.01626016260163","0","0.0","7.289999961853027",,"16","29","10","34","13.821138211382115","0","0.0","7.29",,"11","16","4","2026-03-07"
"allantochorion","141","46","1506","65","4.316069057104913","0","0.0","0",,,,"0","0","0","0","0.0","0",,,,"0","0","0","0","0.0","0",,,,"0","0","0","2026-03-07"
"dermend","142","1002","34257","28","0.08173511982952389","539","53.79241516966068","1","0.18552875695732837","29.989999771118164","13.489999771118164","60","130","78","277","27.644710578842314","0","0.0","29.989999771118164",,"31","72","43","162","16.16766467065868","0","0.0","29.99",,"22","50","25","2026-03-07"
"vitamin e cream for scars","143","618","17666","65","0.3679384127702932","327","52.9126213592233","0","0.0","12.890000343322754",,"67","123","80","153","24.75728155339806","0","0.0","11.930000305175781",,"26","65","29","78","12.62135922330097","0","0.0","12.64",,"13","36","14","2026-03-07"
"codi pomegranate lotion","144","378","7371","64","0.8682675349342016","273","72.22222222222221","0","0.0","13.989999771118164",,"5","32","65","197","52.116402116402114","0","0.0","13.989999771118164",,"3","21","44","16","4.232804232804233","0","0.0","13.09",,"0","3","9","2026-03-07"
"alantolactone","145","30","1242","64","5.152979066022544","0","0.0","0",,,,"0","0","0","0","0.0","0",,,,"0","0","0","0","0.0","0",,,,"0","0","0","2026-03-07"
"body moisturizer for dry skin","146","833","26238","64","0.24392103056635414","287","34.45378151260504","0","0.0","14.880000114440918",,"105","105","29","154","18.487394957983195","0","0.0","13.470000267028809",,"59","54","14","66","7.923169267707082","0","0.0","12.99",,"28","24","9","2026-03-07"
"crema dermaglos","147","2","41","27","65.85365853658537","1","50.0","1","100.0","9.989999771118164","9.989999771118164","0","0","0","0","0.0","0",,,,"0","0","0","0","0.0","0",,,,"0","0","0","2026-03-07"
"koriderm cream","148","838","22082","63","0.28530024454306674","403","48.09069212410501","0","0.0","31.989999771118164",,"22","66","29","180","21.479713603818613","0","0.0","31.989999771118164",,"8","29","17","69","8.233890214797137","0","0.0","31.99",,"5","17","6","2026-03-07"
"vitamin e lotion for scars","149","307","7868","62","0.788002033553635","143","46.579804560260584","0","0.0","11.119999885559082",,"31","58","33","68","22.149837133550488","0","0.0","10.359999656677246",,"11","27","18","38","12.37785016286645","0","0.0","9.99",,"8","15","9","2026-03-07"
"vitamina a crema","150","11","219","25","11.415525114155251","7","63.63636363636363","1","14.285714285714286","18.989999771118164","9.989999771118164","1","1","2","3","27.27272727272727","0","0.0","20.15999984741211",,"1","0","1","0","0.0","0",,,,"0","0","0","2026-03-07"
"vaseline daily brightening body lotion","151","858","18032","61","0.33828748890860694","124","14.452214452214452","0","0.0","17.5",,"31","37","17","37","4.312354312354312","0","0.0","15.779999732971191",,"7","13","4","2","0.2331002331002331","0","0.0","13.35",,"1","1","0","2026-03-07"
"vitaros cream","152","71","1142","61","5.341506129597198","17","23.943661971830984","0","0.0","16.989999771118164",,"1","8","3","0","0.0","0",,,,"0","0","0","0","0.0","0",,,,"0","0","0","2026-03-07"
"allantoxaidin","153","36","1316","60","4.5592705167173255","0","0.0","0",,,,"0","0","0","0","0.0","0",,,,"0","0","0","0","0.0","0",,,,"0","0","0","2026-03-07"
"cerave hydrating facial cleanser","154","16943","415943","59","0.014184635875588722","10168","60.012984713450976","0","0.0","15.970000267028809",,"3058","4218","1225","7034","41.51567018827835","0","0.0","15.970000267028809",,"2193","3006","847","3218","18.99309449330107","0","0.0","15.97",,"1148","1428","383","2026-03-07"
"corn huskers lotion","155","2201","54105","59","0.10904722299232973","1197","54.384370740572464","0","0.0","8.989999771118164",,"226","533","207","832","37.800999545661064","0","0.0","8.989999771118164",,"149","373","145","479","21.762835074965924","0","0.0","8.99",,"89","227","82","2026-03-07"
"vitamin cream","156","282","8201","59","0.7194244604316546","106","37.5886524822695","0","0.0","21.489999771118164",,"30","35","14","48","17.02127659574468","0","0.0","21.489999771118164",,"17","13","2","6","2.127659574468085","0","0.0","21.49",,"4","1","0","2026-03-07"
"hydrating body cream","157","122","2938","59","2.0081688223281144","50","40.98360655737705","0","0.0","16.989999771118164",,"20","12","12","29","23.770491803278688","0","0.0","16.989999771118164",,"12","9","3","7","5.737704918032787","0","0.0","22.0",,"1","3","2","2026-03-07"
"dermabon","158","221","5133","59","1.1494252873563218","83","37.55656108597285","0","0.0","31.950000762939453",,"1","17","12","19","8.597285067873303","0","0.0","31.950000762939453",,"0","5","1","5","2.262443438914027","0","0.0","31.95",,"0","2","0","2026-03-07"
"eos lotion set","159","1142","25968","22","0.08471965495995071","451","39.49211908931699","1","0.22172949002217296","19.950000762939453","32.11000061035156","92","173","86","211","18.476357267950963","0","0.0","19.940000534057617",,"50","74","42","32","2.8021015761821366","0","0.0","17.95",,"15","12","4","2026-03-07"
"face wash for oily skin","160","2234","60049","21","0.034971439990674286","1012","45.29991047448523","1","0.09881422924901186","12.369999885559082","9.890000343322754","221","422","158","524","23.455684870188005","0","0.0","12.369999885559082",,"143","221","71","173","7.743957027752909","0","0.0","12.37",,"62","81","19","2026-03-07"
"inis body lotion","161","803","19592","58","0.29603919967333603","401","49.93773349937734","0","0.0","30.0",,"41","189","80","265","33.00124533001245","0","0.0","30.0",,"27","134","50","141","17.559153175591533","0","0.0","38.0",,"15","78","25","2026-03-07"
"retinoid cream for face","162","1820","78643","58","0.07375100136057881","331","18.186813186813186","0","0.0","18.68000030517578",,"58","162","52","156","8.571428571428571","0","0.0","17.989999771118164",,"38","76","15","42","2.307692307692308","0","0.0","17.99",,"10","25","3","2026-03-07"
"la roche posay face cleanser","163","55797","1182734","58","0.004903892168484207","33839","60.64662974711902","0","0.0","17.989999771118164",,"7950","12676","5111","21376","38.31030342133089","0","0.0","17.989999771118164",,"5319","8132","3217","9546","17.108446690682293","0","0.0","17.99",,"2836","3898","1398","2026-03-07"
"beducen crema regeneradora","164","97","1830","58","3.169398907103825","23","23.711340206185564","0","0.0","22.899999618530273",,"0","1","0","5","5.154639175257731","0","0.0","22.989999771118164",,"0","0","0","2","2.0618556701030926","0","0.0","9.99",,"0","0","0","2026-03-07"
"allantoinase","165","26","1054","56","5.313092979127135","0","0.0","0",,,,"0","0","0","0","0.0","0",,,,"0","0","0","0","0.0","0",,,,"0","0","0","2026-03-07"
"retinyl palmitate cream","166","32","917","19","2.0719738276990185","15","46.875","1","6.666666666666667","14.979999542236328","16.989999771118164","2","5","0","6","18.75","0","0.0","9.989999771118164",,"0","3","0","1","3.125","0","0.0","9.28",,"0","1","0","2026-03-07"
"dermadew facewash","167","25","459","18","3.9215686274509802","12","48.0","1","8.333333333333334","24.0","9.890000343322754","0","0","0","1","4.0","0","0.0","24.0",,"0","0","0","0","0.0","0",,,,"0","0","0","2026-03-07"
"cleanser for oily skin","168","597","16910","18","0.10644589000591366","265","44.388609715242886","1","0.37735849056603776","13.5","9.890000343322754","62","106","23","109","18.257956448911223","0","0.0","13.0",,"27","47","10","33","5.527638190954774","0","0.0","14.9",,"12","12","2","2026-03-07"
"dermaglos dia y noche","169","2","42","16","38.095238095238095","1","50.0","1","100.0","66.39544677734375","66.39544677734375","0","0","0","0","0.0","0",,,,"0","0","0","0","0.0","0",,,,"0","0","0","2026-03-07"
"dermisa skin fade cream","170","901","20318","16","0.07874790825868688","560","62.15316315205327","1","0.17857142857142858","8.989999771118164","9.989999771118164","116","221","63","302","33.51831298557158","0","0.0","8.989999771118164",,"61","117","30","79","8.76803551609323","0","0.0","8.99",,"18","36","15","2026-03-07"
"tretinoin cream","171","46605","924997","16","0.0017297353396821828","18039","38.70614740907628","1","0.005543544542380398","19.989999771118164","9.989999771118164","1161","1649","675","2433","5.220469906662376","0","0.0","19.989999771118164",,"467","604","258","334","0.716661302435361","0","0.0","19.99",,"88","103","41","2026-03-07"
"dermagloscrema","172","3","45","15","33.333333333333336","1","33.33333333333333","1","100.0","19.790000915527344","19.790000915527344","0","1","0","0","0.0","0",,,,"0","0","0","0","0.0","0",,,,"0","0","0","2026-03-07"
"vitamin e moisturizer skincare products","173","39","829","14","1.6887816646562124","16","41.02564102564102","1","6.25","8.069999694824219","16.989999771118164","5","6","3","8","20.51282051282051","0","0.0","8.069999694824219",,"3","4","1","3","7.6923076923076925","0","0.0","8.25",,"2","1","0","2026-03-07"
"crema de cuerpo dermacil","174","7","150","14","9.333333333333334","1","14.285714285714285","1","100.0","13.489999771118164","13.489999771118164","0","0","0","0","0.0","0",,,,"0","0","0","0","0.0","0",,,,"0","0","0","2026-03-07"
"retimax 1500 vitamin a cream","175","22","406","51","12.561576354679802","13","59.09090909090909","0","0.0","14.989999771118164",,"0","2","5","9","40.909090909090914","0","0.0","14.989999771118164",,"0","1","4","5","22.727272727272727","0","0.0","14.99",,"0","0","2","2026-03-07"
"dermagran cream","176","13","182","14","7.6923076923076925","8","61.53846153846154","1","12.5","21.84000015258789","9.989999771118164","0","0","0","2","15.384615384615385","0","0.0","13.4399995803833",,"0","0","0","0","0.0","0",,,,"0","0","0","2026-03-07"
"dermigel","177","4","73","13","17.80821917808219","1","25.0","1","100.0","9.989999771118164","9.989999771118164","0","0","0","0","0.0","0",,,,"0","0","0","0","0.0","0",,,,"0","0","0","2026-03-07"
"eos lotion pomegranate raspberry","178","304","7505","50","0.6662225183211192","166","54.60526315789473","0","0.0","9.970000267028809",,"19","53","36","126","41.44736842105263","0","0.0","9.970000267028809",,"16","39","31","35","11.513157894736842","0","0.0","9.97",,"6","13","5","2026-03-07"
"vitamin cream for face","179","52","1149","13","1.1314186248912097","29","55.769230769230774","1","3.4482758620689653","21.489999771118164","16.989999771118164","4","19","1","13","25.0","0","0.0","21.489999771118164",,"2","10","0","5","9.615384615384617","0","0.0","21.49",,"1","4","0","2026-03-07"
"coconut waters eos lotion","180","329","7277","50","0.687096330905593","223","67.78115501519757","0","0.0","8.979999542236328",,"42","105","30","177","53.799392097264445","0","0.0","8.979999542236328",,"38","83","24","41","12.462006079027356","0","0.0","8.98",,"12","22","6","2026-03-07"
"dermocream","181","232","4144","49","1.1824324324324325","50","21.551724137931032","0","0.0","14.180000305175781",,"5","9","5","20","8.620689655172415","0","0.0","14.180000305175781",,"3","2","1","6","2.586206896551724","0","0.0","8.97",,"2","1","1","2026-03-07"
"vitamin e a d cream","182","14","313","12","3.8338658146964857","8","57.14285714285714","1","12.5","14.949999809265137","9.989999771118164","0","1","2","2","14.285714285714285","0","0.0","14.949999809265137",,"0","1","1","0","0.0","0",,,,"0","0","0","2026-03-07"
"crema eos para el cuerpo","183","1116","23468","49","0.2087949548321118","507","45.43010752688172","0","0.0","9.970000267028809",,"45","123","35","190","17.025089605734767","0","0.0","9.970000267028809",,"19","41","13","22","1.971326164874552","0","0.0","9.97",,"7","7","2","2026-03-07"
"dml lotion","184","133","3764","49","1.3018065887353878","61","45.86466165413533","0","0.0","21.100000381469727",,"14","24","16","40","30.075187969924812","0","0.0","21.100000381469727",,"12","15","8","28","21.052631578947366","0","0.0","21.1",,"9","11","5","2026-03-07"
"palmers cocoa butter lotion","185","11253","245805","48","0.01952767437602978","5580","49.586776859504134","0","0.0","7.989999771118164",,"1304","2102","919","3828","34.01759530791789","0","0.0","7.989999771118164",,"924","1452","634","1737","15.43588376432951","0","0.0","7.99",,"475","695","283","2026-03-07"
"bioderma micellar water","186","10346","250155","48","0.01918810337590694","5947","57.48115213609124","0","0.0","19.989999771118164",,"1286","2201","815","3355","32.427991494297316","0","0.0","19.989999771118164",,"784","1269","452","1520","14.691668277595205","0","0.0","19.99",,"390","647","206","2026-03-07"
"cerave renewing sa cleanser","187","2452","60061","48","0.0799187492715739","1549","63.17292006525286","0","0.0","15.970000267028809",,"333","622","213","1099","44.8205546492659","0","0.0","15.970000267028809",,"260","453","154","492","20.0652528548124","0","0.0","15.97",,"149","203","85","2026-03-07"
"allantoin face wash","188","12","219","11","5.0228310502283104","10","83.33333333333334","1","10.0","12.369999885559082","9.890000343322754","5","4","1","2","16.666666666666664","0","0.0","11.989999771118164",,"2","0","0","0","0.0","0",,,,"0","0","0","2026-03-07"
"crema de vitamina a","189","15","271","48","17.71217712177122","7","46.666666666666664","0","0.0","16.100000381469727",,"0","0","3","0","0.0","0",,,,"0","0","0","0","0.0","0",,,,"0","0","0","2026-03-07"
"vitamin a ointment","190","56","1302","11","0.8448540706605223","24","42.857142857142854","1","4.166666666666667","11.970000267028809","9.989999771118164","6","10","0","5","8.928571428571429","0","0.0","8.989999771118164",,"0","4","0","2","3.571428571428571","0","0.0","7.19",,"0","2","0","2026-03-07"
"facial skin care products","191","16792","522649","11","0.0021046629764909144","4013","23.89828489757027","1","0.024919013207076998","17.950000762939453","9.989999771118164","686","1510","619","1758","10.469271081467365","0","0.0","15.0",,"343","627","276","323","1.923535016674607","0","0.0","14.97",,"78","133","54","2026-03-07"
"stretch marks cream","192","342","10083","48","0.47604879500148767","114","33.33333333333333","0","0.0","13.989999771118164",,"38","52","12","62","18.128654970760234","0","0.0","11.119999885559082",,"20","27","9","19","5.555555555555555","0","0.0","10.9",,"9","4","3","2026-03-07"
"cream with vitamin a","193","5","139","10","7.194244604316546","2","40.0","1","50.0","16.989999771118164","16.989999771118164","0","0","1","1","20.0","0","0.0","46.20000076293945",,"0","0","0","1","20.0","0","0.0","46.2",,"0","0","0","2026-03-07"
"dermaglos hidratacion con filtro solar rostro","194","1","22","10","45.45454545454545","1","100.0","1","100.0","19.790000915527344","19.790000915527344","0","0","0","0","0.0","0",,,,"0","0","0","0","0.0","0",,,,"0","0","0","2026-03-07"
"gel de hidratacion dermaglos","195","2","26","10","38.46153846153846","1","50.0","1","100.0","13.489999771118164","13.489999771118164","0","0","0","0","0.0","0",,,,"0","0","0","0","0.0","0",,,,"0","0","0","2026-03-07"
"vitamin a lotion for face","196","5","294","10","3.401360544217687","2","40.0","1","50.0","16.989999771118164","16.989999771118164","0","2","0","0","0.0","0",,,,"0","0","0","0","0.0","0",,,,"0","0","0","2026-03-07"
"eos jasmine peach body lotion","197","273","6658","47","0.7059176930009011","178","65.2014652014652","0","0.0","7.96999979019165",,"43","64","35","152","55.67765567765568","0","0.0","7.96999979019165",,"35","56","35","51","18.681318681318682","0","0.0","7.97",,"13","18","14","2026-03-07"
"vitamin a","198","13434","354995","47","0.013239623093283004","7164","53.3273782938812","0","0.0","10.479999542236328",,"1237","2829","1571","4111","30.601458984665776","0","0.0","9.970000267028809",,"741","1617","899","1856","13.815691528956378","0","0.0","9.97",,"365","816","396","2026-03-07"
"genocutan gel dermatologico","199","102","1425","46","3.2280701754385963","4","3.9215686274509802","0","0.0","24.979999542236328",,"2","0","2","1","0.9803921568627451","0","0.0","12.989999771118164",,"1","0","0","0","0.0","0",,,,"0","0","0","2026-03-07"
"crema corporal dermatologica","200","24","529","9","1.7013232514177694","11","45.83333333333333","1","9.090909090909092","15.970000267028809","13.489999771118164","6","3","1","0","0.0","0",,,,"0","0","0","0","0.0","0",,,,"0","0","0","2026-03-07"
"cerave acne foaming cream cleanser","201","3231","76105","46","0.06044280927665725","2115","65.45961002785515","0","0.0","14.970000267028809",,"598","919","273","1604","49.64407304240173","0","0.0","14.970000267028809",,"493","717","204","853","26.40049520272362","0","0.0","14.97",,"290","403","110","2026-03-07"
"dermagram crema","202","9","149","9","6.040268456375839","6","66.66666666666666","1","16.666666666666668","15.989999771118164","9.989999771118164","0","5","1","1","11.11111111111111","0","0.0","21.84000015258789",,"0","1","0","0","0.0","0",,,,"0","0","0","2026-03-07"
"dermagran b cream","203","26","464","46","9.913793103448276","12","46.15384615384615","0","0.0","15.989999771118164",,"2","6","1","4","15.384615384615385","0","0.0","15.989999771118164",,"2","1","1","1","3.8461538461538463","0","0.0","15.99",,"1","0","0","2026-03-07"
"protector solar dermaglos","204","3","94","9","9.574468085106384","1","33.33333333333333","1","100.0","9.989999771118164","9.989999771118164","0","0","0","0","0.0","0",,,,"0","0","0","0","0.0","0",,,,"0","0","0","2026-03-07"
"dermaglos gel de limpieza","205","2","36","9","25.0","1","50.0","1","100.0","9.890000343322754","9.890000343322754","0","0","0","0","0.0","0",,,,"0","0","0","0","0.0","0",,,,"0","0","0","2026-03-07"
"retinoid cream for stretch marks","206","178","4726","46","0.973338975878121","88","49.43820224719101","0","0.0","17.989999771118164",,"20","22","15","46","25.842696629213485","0","0.0","17.989999771118164",,"8","11","10","13","7.303370786516854","0","0.0","19.99",,"1","5","4","2026-03-07"
"vitamin a acid cream","207","3","180","9","5.0","6","200.0","1","16.666666666666668","34.0","9.989999771118164","3","2","0","1","33.33333333333333","0","0.0","40.0",,"1","0","0","1","33.33333333333333","0","0.0","40.0",,"1","0","0","2026-03-07"
"lubriderm lotion","208","12585","300985","45","0.014950911174975497","5943","47.222884386174016","0","0.0","11.989999771118164",,"1845","2560","627","4336","34.453714739769566","0","0.0","11.989999771118164",,"1460","1907","444","2557","20.317838696861344","0","0.0","11.99",,"938","1181","248","2026-03-07"
"jergens ultra healing lotion vitamin c, e & b5","209","24","557","8","1.436265709156194","14","58.333333333333336","1","7.142857142857143","9.279999732971191","32.11000061035156","5","3","1","4","16.666666666666664","0","0.0","8.609999656677246",,"2","1","1","2","8.333333333333332","0","0.0","8.61",,"1","0","1","2026-03-07"
"eucerin intensive repair lotion","210","3174","79941","44","0.05504059243692223","1610","50.72463768115942","0","0.0","14.970000267028809",,"492","607","163","1080","34.02646502835538","0","0.0","14.970000267028809",,"366","409","105","517","16.288594833018273","0","0.0","14.97",,"199","207","47","2026-03-07"
"vanicream cleanser","211","1933","53159","44","0.08277055625576102","1099","56.85463010863943","0","0.0","9.970000267028809",,"345","455","140","755","39.05845835488878","0","0.0","9.970000267028809",,"236","325","97","338","17.485773409208484","0","0.0","9.97",,"113","156","39","2026-03-07"
"eos fresh and cozy body lotion","212","754","15575","44","0.2825040128410915","534","70.82228116710876","0","0.0","9.970000267028809",,"136","239","73","417","55.30503978779841","0","0.0","9.970000267028809",,"111","187","54","143","18.96551724137931","0","0.0","9.97",,"44","69","13","2026-03-07"
"retinoid cream","213","342","9910","44","0.4439959636730575","100","29.239766081871345","0","0.0","18.68000030517578",,"31","37","17","32","9.35672514619883","0","0.0","13.460000038146973",,"11","14","2","8","2.3391812865497075","0","0.0","13.46",,"0","7","1","2026-03-07"
"dexeryl lotion","214","17","365","7","1.917808219178082","6","35.294117647058826","1","16.666666666666668","22.860000610351562","32.11000061035156","0","1","0","0","0.0","0",,,,"0","0","0","0","0.0","0",,,,"0","0","0","2026-03-07"
"body cream","215","9936","294315","44","0.014949968571088799","2947","29.659822866344605","0","0.0","13.5600004196167",,"677","1156","381","1390","13.989533011272142","0","0.0","12.979999542236328",,"398","547","183","472","4.750402576489534","0","0.0","11.99",,"172","199","58","2026-03-07"
"dermaline cream","216","107","2252","43","1.9094138543516874","33","30.8411214953271","0","0.0","6.199999809265137",,"0","12","10","6","5.607476635514018","0","0.0","6.199999809265137",,"0","1","2","3","2.803738317757009","0","0.0","6.2",,"0","1","1","2026-03-07"
"vitamin skin cream","217","4","83","6","7.228915662650603","3","75.0","1","33.333333333333336","9.989999771118164","9.989999771118164","1","1","0","0","0.0","0",,,,"0","0","0","0","0.0","0",,,,"0","0","0","2026-03-07"
"dermoskeletal","218","37","214","43","20.093457943925234","0","0.0","0",,,,"0","0","0","0","0.0","0",,,,"0","0","0","0","0.0","0",,,,"0","0","0","2026-03-07"
"dermaglos facial crema nutritiva de noche","219","1","28","6","21.428571428571427","1","100.0","1","100.0","19.790000915527344","19.790000915527344","0","0","1","0","0.0","0",,,,"0","0","0","0","0.0","0",,,,"0","0","0","2026-03-07"
"retinoid","220","5934","198199","6","0.0030272604806280555","2145","36.14762386248736","1","0.046620046620046623","13.489999771118164","9.989999771118164","525","800","291","1118","18.84057971014493","0","0.0","13.460000038146973",,"285","453","166","306","5.156723963599596","0","0.0","13.46",,"99","124","43","2026-03-07"
"scar lotion","221","329","8598","43","0.5001163061177017","111","33.73860182370821","0","0.0","12.640000343322754",,"29","44","17","45","13.677811550151976","0","0.0","12.640000343322754",,"18","15","6","16","4.86322188449848","0","0.0","9.99",,"8","5","2","2026-03-07"
"dermaglos leche de limpieza","222","3","60","6","10.0","2","66.66666666666666","1","50.0","9.489999771118164","9.489999771118164","0","0","2","0","0.0","0",,,,"0","0","0","0","0.0","0",,,,"0","0","0","2026-03-07"
"lociones faraway","223","11","198","6","3.0303030303030303","6","54.54545454545454","1","16.666666666666668","32.11000061035156","32.11000061035156","0","3","2","0","0.0","0",,,,"0","0","0","0","0.0","0",,,,"0","0","0","2026-03-07"
"cerave oil control","224","684","16279","43","0.2641439891885251","277","40.49707602339181","0","0.0","15.970000267028809",,"41","71","19","136","19.883040935672515","0","0.0","16.18000030517578",,"24","40","11","37","5.409356725146199","0","0.0","16.18",,"8","9","5","2026-03-07"
"tattoo aftercare cream","225","223","6614","43","0.6501360749924403","64","28.699551569506728","0","0.0","14.960000038146973",,"11","25","15","27","12.10762331838565","0","0.0","14.989999771118164",,"5","10","6","8","3.587443946188341","0","0.0","16.0",,"2","3","1","2026-03-07"
"nivea intense healing body lotion","226","481","12365","42","0.3396684189243833","297","61.74636174636174","0","0.0","10.989999771118164",,"94","118","37","208","43.24324324324324","0","0.0","7.96999979019165",,"64","90","29","107","22.245322245322246","0","0.0","10.99",,"42","44","12","2026-03-07"
"¿dermaglós crema vitamina a 600.000","227","1","22","5","22.727272727272727","1","100.0","1","100.0","9.989999771118164","9.989999771118164","0","0","1","0","0.0","0",,,,"0","0","0","0","0.0","0",,,,"0","0","0","2026-03-07"
"de la cruz vitamin e cream","228","248","6188","42","0.6787330316742082","111","44.75806451612903","0","0.0","9.989999771118164",,"2","44","32","43","17.338709677419356","0","0.0","10.989999771118164",,"1","19","13","15","6.048387096774194","0","0.0","9.98",,"1","8","3","2026-03-07"
"micellar water non toxic","229","31","767","5","0.651890482398957","25","80.64516129032258","1","4.0","9.989999771118164","9.489999771118164","0","15","7","7","22.58064516129032","0","0.0","9.989999771118164",,"0","3","2","1","3.225806451612903","0","0.0","9.99",,"0","1","0","2026-03-07"
"dermatica","230","502","13103","5","0.03815920018316416","162","32.27091633466135","1","0.6172839506172839","19.989999771118164","9.989999771118164","4","44","54","42","8.366533864541832","0","0.0","19.969999313354492",,"2","15","12","10","1.9920318725099602","0","0.0","14.95",,"0","2","5","2026-03-07"
"cẻave cream","231","12","219","4","1.82648401826484","4","33.33333333333333","1","25.0","18.959999084472656","16.989999771118164","0","2","1","0","0.0","0",,,,"0","0","0","0","0.0","0",,,,"0","0","0","2026-03-07"
"dermaglow cream","232","7","135","41","30.37037037037037","0","0.0","0",,,,"0","0","0","0","0.0","0",,,,"0","0","0","0","0.0","0",,,,"0","0","0","2026-03-07"
"vitamin a for skin cream","233","2","40","4","10.0","1","50.0","1","100.0","16.989999771118164","16.989999771118164","0","1","0","0","0.0","0",,,,"0","0","0","0","0.0","0",,,,"0","0","0","2026-03-07"
"clean and clear","234","2597","72367","41","0.056655657965647324","934","35.9645745090489","0","0.0","9.65999984741211",,"156","228","153","449","17.289179822872544","0","0.0","8.989999771118164",,"109","141","84","191","7.354639969195226","0","0.0","8.17",,"56","67","33","2026-03-07"
"dermacina","235","28","561","4","0.7130124777183601","10","35.714285714285715","1","10.0","10.0","9.989999771118164","0","5","3","2","7.142857142857142","0","0.0","4.75",,"0","1","0","0","0.0","0",,,,"0","0","0","2026-03-07"
"serum niacinamide dermaglos","236","4","88","4","4.545454545454546","3","75.0","1","33.333333333333336","19.989999771118164","18.889999389648438","0","0","0","0","0.0","0",,,,"0","0","0","0","0.0","0",,,,"0","0","0","2026-03-07"
"vit a en crema","237","2","36","4","11.11111111111111","2","100.0","1","50.0","9.989999771118164","9.989999771118164","0","0","2","0","0.0","0",,,,"0","0","0","0","0.0","0",,,,"0","0","0","2026-03-07"
"dr. vita daycell vitamin a cream","238","4","70","4","5.714285714285714","1","25.0","1","100.0","9.989999771118164","9.989999771118164","0","0","0","0","0.0","0",,,,"0","0","0","0","0.0","0",,,,"0","0","0","2026-03-07"
"vitamin c lotion","239","1064","27418","4","0.014588956160186739","429","40.31954887218045","1","0.2331002331002331","16.989999771118164","13.489999771118164","68","176","94","193","18.139097744360903","0","0.0","16.989999771118164",,"34","83","39","58","5.451127819548872","0","0.0","16.99",,"10","31","10","2026-03-07"
"agua micelar bifasica","240","49","1226","4","0.3262642740619902","27","55.10204081632652","1","3.7037037037037037","8.819999694824219","9.489999771118164","3","5","10","6","12.244897959183673","0","0.0","8.819999694824219",,"1","4","0","2","4.081632653061225","0","0.0","8.49",,"1","1","0","2026-03-07"
"topical estrogen body cream for women","241","4","88","4","4.545454545454546","3","75.0","1","33.333333333333336","15.289999961853027","13.489999771118164","2","1","0","1","25.0","0","0.0","15.289999961853027",,"1","0","0","0","0.0","0",,,,"0","0","0","2026-03-07"
"eucerin dermopure","242","508","12879","41","0.31834769780262445","80","15.748031496062993","0","0.0","18.989999771118164",,"9","16","7","16","3.149606299212598","0","0.0","34.290000915527344",,"3","5","1","2","0.39370078740157477","0","0.0","17.99",,"1","0","0","2026-03-07"
"vitamin a pommade","243","4","42","4","9.523809523809524","2","50.0","1","50.0","9.989999771118164","9.989999771118164","0","0","0","0","0.0","0",,,,"0","0","0","0","0.0","0",,,,"0","0","0","2026-03-07"
"scar removal cream for old scars","244","532","15647","4","0.025564005879721352","228","42.857142857142854","1","0.43859649122807015","12.640000343322754","9.989999771118164","53","86","38","101","18.984962406015036","0","0.0","12.640000343322754",,"29","40","17","31","5.827067669172932","0","0.0","12.64",,"8","13","7","2026-03-07"
"soladerm cream","245","3","56","4","7.142857142857143","1","33.33333333333333","1","100.0","18.889999389648438","18.889999389648438","0","0","1","0","0.0","0",,,,"0","0","0","0","0.0","0",,,,"0","0","0","2026-03-07"
"avocado + ceramides moisturizing body lotion","246","3","66","3","4.545454545454546","2","66.66666666666666","1","50.0","10.9399995803833","13.489999771118164","2","0","0","1","33.33333333333333","0","0.0","10.9399995803833",,"1","0","0","1","33.33333333333333","0","0.0","10.94",,"1","0","0","2026-03-07"
"olay body lotion","247","7671","199134","40","0.02008697660871574","3587","46.760526658845","0","0.0","10.970000267028809",,"911","1365","407","1832","23.88215356537609","0","0.0","10.970000267028809",,"514","735","222","779","10.155129709294746","0","0.0","10.97",,"269","330","97","2026-03-07"
"b0cylmjjjc","248","2","10","3","30.0","1","50.0","1","100.0","9.989999771118164","9.989999771118164","0","0","0","0","0.0","0",,,,"0","0","0","0","0.0","0",,,,"0","0","0","2026-03-07"
"cerave sa cleanser","249","5233","118685","40","0.03370265829717319","3245","62.010319128606916","0","0.0","15.970000267028809",,"827","1282","522","2274","43.45499713357538","0","0.0","15.970000267028809",,"601","911","368","952","18.19224154404739","0","0.0","15.97",,"279","439","145","2026-03-07"
"healing body cream","250","17","396","3","0.7575757575757576","16","94.11764705882352","1","6.25","12.970000267028809","13.489999771118164","5","2","2","10","58.82352941176471","0","0.0","9.670000076293945",,"1","2","1","2","11.76470588235294","0","0.0","14.97",,"0","1","1","2026-03-07"
"lotion ceramides peptides","251","8","450","3","0.6666666666666666","18","225.0","1","5.555555555555555","17.989999771118164","13.489999771118164","0","18","0","1","12.5","0","0.0","15.989999771118164",,"0","1","0","0","0.0","0",,,,"0","0","0","2026-03-07"
"urea lotion","252","3003","75864","3","0.003954444795950649","1735","57.77555777555777","1","0.05763688760806916","14.989999771118164","32.11000061035156","429","721","268","691","23.01032301032301","0","0.0","14.989999771118164",,"190","294","103","170","5.661005661005661","0","0.0","14.99",,"56","83","19","2026-03-07"
"body cream for women smells great","253","3","63","3","4.761904761904762","3","100.0","1","33.333333333333336","8.9399995803833","13.489999771118164","0","1","2","1","33.33333333333333","0","0.0","4.96999979019165",,"0","0","1","0","0.0","0",,,,"0","0","0","2026-03-07"
"korean body moisturizer","254","92","2176","3","0.13786764705882354","46","50.0","1","2.1739130434782608","19.8799991607666","18.889999389648438","6","21","8","21","22.82608695652174","0","0.0","19.8799991607666",,"3","8","3","3","3.260869565217391","0","0.0","17.99",,"1","1","0","2026-03-07"
"glycerine body cream","255","10","222","3","1.3513513513513513","12","120.0","1","8.333333333333334","11.989999771118164","13.489999771118164","0","12","0","4","40.0","0","0.0","10.989999771118164",,"0","4","0","1","10.0","0","0.0","21.99",,"0","1","0","2026-03-07"
"scar cream","256","20619","498437","39","0.007824459259645653","10042","48.7026528929628","0","0.0","15.989999771118164",,"2403","4340","1712","5462","26.49013046219506","0","0.0","12.989999771118164",,"1450","2349","886","2581","12.517580872011253","0","0.0","12.99",,"743","1166","442","2026-03-07"
"skin needling cream","257","2","36","2","5.555555555555555","1","50.0","1","100.0","9.989999771118164","9.989999771118164","0","1","0","0","0.0","0",,,,"0","0","0","0","0.0","0",,,,"0","0","0","2026-03-07"
"bagovit a vitamin boost cream","258","1","8","2","25.0","1","100.0","1","100.0","9.989999771118164","9.989999771118164","0","0","0","0","0.0","0",,,,"0","0","0","0","0.0","0",,,,"0","0","0","2026-03-07"
"miracle water","259","117","2359","39","1.6532428995337007","49","41.88034188034188","0","0.0","10.970000267028809",,"5","14","9","34","29.059829059829063","0","0.0","10.970000267028809",,"3","11","6","12","10.256410256410255","0","0.0","8.82",,"1","7","2","2026-03-07"
"codi lotion jasmine","260","103","2224","39","1.7535971223021583","61","59.22330097087378","0","0.0","14.199999809265137",,"0","26","14","33","32.038834951456316","0","0.0","14.199999809265137",,"0","15","7","12","11.650485436893204","0","0.0","14.2",,"0","7","3","2026-03-07"
"micellar cleansing gel","261","10","200","2","1.0","4","40.0","1","25.0","9.989999771118164","9.890000343322754","0","3","0","2","20.0","0","0.0","9.989999771118164",,"0","2","0","2","20.0","0","0.0","9.99",,"0","2","0","2026-03-07"
"vaseline pro vitab3 serum burst lotion","262","42","1024","2","0.1953125","32","76.19047619047619","1","3.125","5.699999809265137","32.11000061035156","4","13","7","21","50.0","0","0.0","5.789999961853027",,"4","8","3","9","21.428571428571427","0","0.0","7.89",,"4","2","3","2026-03-07"
"cremas para crecimiento epidermico","263","2","28","2","7.142857142857143","1","50.0","1","100.0","9.989999771118164","9.989999771118164","0","0","1","0","0.0","0",,,,"0","0","0","0","0.0","0",,,,"0","0","0","2026-03-07"
"cream for tattoo aftercare","264","70","3689","39","1.057197072377338","0","0.0","0",,,,"0","0","0","0","0.0","0",,,,"0","0","0","0","0.0","0",,,,"0","0","0","2026-03-07"
"crema hidratante sin olor cerave","265","6","120","2","1.6666666666666667","2","33.33333333333333","1","50.0","18.889999389648438","18.889999389648438","0","0","0","0","0.0","0",,,,"0","0","0","0","0.0","0",,,,"0","0","0","2026-03-07"
"lubriderm pour tache bouton","266","2","12","2","16.666666666666668","1","50.0","1","100.0","32.11000061035156","32.11000061035156","0","0","0","0","0.0","0",,,,"0","0","0","0","0.0","0",,,,"0","0","0","2026-03-07"
"super thick lotion","267","8","159","2","1.2578616352201257","5","62.5","1","20.0","13.489999771118164","13.489999771118164","0","0","0","3","37.5","0","0.0","13.989999771118164",,"0","0","0","0","0.0","0",,,,"0","0","0","2026-03-07"
"dexladerm cream","268","3","94","2","2.127659574468085","3","100.0","1","33.333333333333336","18.56999969482422","9.989999771118164","0","3","0","0","0.0","0",,,,"0","0","0","0","0.0","0",,,,"0","0","0","2026-03-07"
"bagovit a lotion","269","2","32","2","6.25","1","50.0","1","100.0","32.11000061035156","32.11000061035156","0","0","1","0","0.0","0",,,,"0","0","0","0","0.0","0",,,,"0","0","0","2026-03-07"
"dermapo cream","270","1","18","2","11.11111111111111","1","100.0","1","100.0","9.989999771118164","9.989999771118164","0","0","1","0","0.0","0",,,,"0","0","0","0","0.0","0",,,,"0","0","0","2026-03-07"
"vitaligico crema","271","2","16","2","12.5","2","100.0","1","50.0","16.989999771118164","16.989999771118164","0","1","1","1","50.0","0","0.0","34.9900016784668",,"0","0","1","0","0.0","0",,,,"0","0","0","2026-03-07"
"lightweight lotion for body","272","69","1376","2","0.14534883720930233","45","65.21739130434783","1","2.2222222222222223","13.470000267028809","13.489999771118164","7","30","7","10","14.492753623188406","0","0.0","10.859999656677246",,"3","6","1","3","4.3478260869565215","0","0.0","10.69",,"1","2","0","2026-03-07"
"vitamin a and e moisturizer","273","1","20","2","10.0","1","100.0","1","100.0","9.989999771118164","9.989999771118164","0","1","0","0","0.0","0",,,,"0","0","0","0","0.0","0",,,,"0","0","0","2026-03-07"
"crema para verrugas en la axila","274","6","132","2","1.5151515151515151","6","100.0","1","16.666666666666668","14.430000305175781","9.989999771118164","1","2","0","3","50.0","0","0.0","14.430000305175781",,"0","0","0","0","0.0","0",,,,"0","0","0","2026-03-07"
"usda organic vitamin a cream","275","3","59","2","3.389830508474576","3","100.0","1","33.333333333333336","18.989999771118164","16.989999771118164","0","3","0","1","33.33333333333333","0","0.0","20.989999771118164",,"0","1","0","0","0.0","0",,,,"0","0","0","2026-03-07"
"vaseline skin care lotion","276","12","236","2","0.847457627118644","1","8.333333333333332","1","100.0","32.11000061035156","32.11000061035156","0","1","0","0","0.0","0",,,,"0","0","0","0","0.0","0",,,,"0","0","0","2026-03-07"
"white stretch mark treatment","277","10","197","2","1.015228426395939","9","90.0","1","11.11111111111111","18.610000610351562","9.989999771118164","2","3","4","2","20.0","0","0.0","5.989999771118164",,"1","0","1","0","0.0","0",,,,"0","0","0","2026-03-07"
"ketoconazole cream for face 2%","278","2","118","1","0.847457627118644","1","50.0","1","100.0","9.989999771118164","9.989999771118164","0","1","0","0","0.0","0",,,,"0","0","0","0","0.0","0",,,,"0","0","0","2026-03-07"
"goat's milk moisturizing body lotion","279","5","111","1","0.9009009009009009","4","80.0","1","25.0","19.989999771118164","13.489999771118164","0","2","2","0","0.0","0",,,,"0","0","0","0","0.0","0",,,,"0","0","0","2026-03-07"
"tattoo vitamins","280","2","41","1","2.4390243902439024","1","50.0","1","100.0","9.989999771118164","9.989999771118164","0","0","1","0","0.0","0",,,,"0","0","0","0","0.0","0",,,,"0","0","0","2026-03-07"
"bagovit a cream","281","21","151","1","0.6622516556291391","1","4.761904761904762","1","100.0","9.989999771118164","9.989999771118164","0","0","0","0","0.0","0",,,,"0","0","0","0","0.0","0",,,,"0","0","0","2026-03-07"
"aplb glutathione niacinamide body lotion","282","748","16419","38","0.231439186308545","384","51.33689839572193","0","0.0","15.0",,"52","150","53","193","25.802139037433154","0","0.0","15.0",,"32","75","26","27","3.6096256684491976","0","0.0","15.0",,"5","10","5","2026-03-07"
"zinc oxide 20% cream","283","7","136","1","0.7352941176470589","5","71.42857142857143","1","20.0","9.989999771118164","9.989999771118164","0","1","1","3","42.857142857142854","0","0.0","9.989999771118164",,"0","0","1","1","14.285714285714285","0","0.0","9.99",,"0","0","1","2026-03-07"
"athena lotion","284","5236","105210","38","0.03611823971105408","1084","20.702826585179526","0","0.0","12.989999771118164",,"144","296","121","359","6.856378915202445","0","0.0","8.970000267028809",,"68","127","53","26","0.4965622612681436","0","0.0","7.47",,"9","13","3","2026-03-07"
"vitamin a &e lotiin","285","1","22","1","4.545454545454546","1","100.0","1","100.0","13.489999771118164","13.489999771118164","0","0","1","0","0.0","0",,,,"0","0","0","0","0.0","0",,,,"0","0","0","2026-03-07"
"remexa oleoderm","286","1","9","1","11.11111111111111","1","100.0","1","100.0","9.989999771118164","9.989999771118164","0","1","0","0","0.0","0",,,,"0","0","0","0","0.0","0",,,,"0","0","0","2026-03-07"
"micellar water by xtracare","287","4","94","1","1.0638297872340425","1","25.0","1","100.0","9.489999771118164","9.489999771118164","0","0","0","0","0.0","0",,,,"0","0","0","0","0.0","0",,,,"0","0","0","2026-03-07"
"retinoid skin care","288","20","431","1","0.23201856148491878","5","25.0","1","20.0","19.0","9.989999771118164","0","5","0","2","10.0","0","0.0","15.989999771118164",,"0","2","0","0","0.0","0",,,,"0","0","0","2026-03-07"
"full body whitening cream","289","15","287","1","0.34843205574912894","19","126.66666666666666","1","5.2631578947368425","13.989999771118164","18.889999389648438","0","9","4","16","106.66666666666667","0","0.0","12.989999771118164",,"0","7","3","0","0.0","0",,,,"0","0","0","2026-03-07"
"hydrating body moisturizer with spf","290","3","67","1","1.492537313432836","3","100.0","1","33.333333333333336","13.489999771118164","13.489999771118164","0","3","0","1","33.33333333333333","0","0.0","5.989999771118164",,"0","1","0","0","0.0","0",,,,"0","0","0","2026-03-07"
"crema carotone original","291","1622","32274","1","0.003098469356138068","831","51.233045622688046","1","0.12033694344163658","23.989999771118164","9.989999771118164","3","13","80","232","14.303329223181258","0","0.0","23.989999771118164",,"1","4","18","42","2.5893958076448826","0","0.0","23.99",,"0","1","3","2026-03-07"
"crema dermisan","292","1","18","1","5.555555555555555","2","200.0","1","50.0","9.989999771118164","9.989999771118164","0","0","0","0","0.0","0",,,,"0","0","0","0","0.0","0",,,,"0","0","0","2026-03-07"
"healing moisturizer face","293","15","332","1","0.30120481927710846","10","66.66666666666666","1","10.0","9.989999771118164","9.989999771118164","6","3","0","0","0.0","0",,,,"0","0","0","0","0.0","0",,,,"0","0","0","2026-03-07"
"lotion for scabies","294","21","403","1","0.24813895781637718","8","38.095238095238095","1","12.5","19.989999771118164","32.11000061035156","0","1","2","4","19.047619047619047","0","0.0","19.989999771118164",,"0","1","1","1","4.761904761904762","0","0.0","19.99",,"0","0","1","2026-03-07"
"jason vitamin e cream","295","788","23926","38","0.15882303769957368","462","58.629441624365484","0","0.0","15.989999771118164",,"119","174","67","305","38.70558375634518","0","0.0","15.989999771118164",,"86","114","45","178","22.588832487309645","0","0.0","15.99",,"65","63","23","2026-03-07"
"macril crema para dermopatías dermatitis cream, 20 g / 0.7 oz","296","1","29","1","3.4482758620689653","28","2800.0","1","3.5714285714285716","19.950000762939453","9.989999771118164","8","16","2","0","0.0","0",,,,"0","0","0","0","0.0","0",,,,"0","0","0","2026-03-07"
"aveeno daily lotion 12 oz","297","6","242","1","0.4132231404958678","3","50.0","1","33.333333333333336","8.979999542236328","32.11000061035156","0","2","0","1","16.666666666666664","0","0.0","8.979999542236328",,"0","0","0","0","0.0","0",,,,"0","0","0","2026-03-07"
"crema dermatitis seborreica","298","20","463","1","0.2159827213822894","8","40.0","1","12.5","13.989999771118164","9.989999771118164","2","0","0","1","5.0","0","0.0","32.790000915527344",,"1","0","0","0","0.0","0",,,,"0","0","0","2026-03-07"
"dema made","299","1","10","1","10.0","1","100.0","1","100.0","32.900001525878906","32.900001525878906","0","1","0","0","0.0","0",,,,"0","0","0","0","0.0","0",,,,"0","0","0","2026-03-07"
"facial cleanser for melasma","300","16","345","1","0.2898550724637681","9","56.25","1","11.11111111111111","11.989999771118164","9.890000343322754","2","0","5","1","6.25","0","0.0","26.989999771118164",,"1","0","0","0","0.0","0",,,,"0","0","0","2026-03-07"
"cream lait eclaircissant","301","2","40","1","2.5","2","100.0","1","50.0","18.889999389648438","18.889999389648438","0","2","0","0","0.0","0",,,,"0","0","0","0","0.0","0",,,,"0","0","0","2026-03-07"
"barrier cream","302","5621","145702","1","6.863323770435547E-4","2462","43.8000355808575","1","0.04061738424045491","17.989999771118164","13.489999771118164","456","1052","328","1055","18.768902330546165","0","0.0","15.989999771118164",,"204","446","141","400","7.116171499733144","0","0.0","13.54",,"81","178","50","2026-03-07"
"makeup remover hydrating toner no fragrance","303","4","90","1","1.1111111111111112","14","350.0","1","7.142857142857143","9.970000267028809","9.489999771118164","8","3","3","3","75.0","0","0.0","8.819999694824219",,"3","0","0","0","0.0","0",,,,"0","0","0","2026-03-07"
"cream hidroquinona","304","6","126","1","0.7936507936507936","4","66.66666666666666","1","25.0","9.989999771118164","9.989999771118164","0","3","1","0","0.0","0",,,,"0","0","0","0","0.0","0",,,,"0","0","0","2026-03-07"
"dermatologist approved body lotion","305","33","793","1","0.12610340479192939","21","63.63636363636363","1","4.761904761904762","17.950000762939453","13.489999771118164","0","3","0","2","6.0606060606060606","0","0.0","12.979999542236328",,"0","1","0","1","3.0303030303030303","0","0.0","12.98",,"0","0","0","2026-03-07"
"crema vitamina a y e","306","1","20","1","5.0","2","200.0","1","50.0","7.329999923706055","9.989999771118164","0","2","0","1","100.0","0","0.0","7.329999923706055",,"0","1","0","0","0.0","0",,,,"0","0","0","2026-03-07"
"vitamin e cream for face","307","331","11204","38","0.3391645840771153","133","40.181268882175225","0","0.0","10.050000190734863",,"26","64","12","41","12.386706948640484","0","0.0","8.109999656677246",,"9","19","5","21","6.3444108761329305","0","0.0","8.1",,"3","12","3","2026-03-07"
"b5 cleanser","308","7","187","1","0.5347593582887701","50","714.2857142857143","1","2.0","14.399999618530273","9.890000343322754","1","3","1","1","14.285714285714285","0","0.0","26.989999771118164",,"0","1","0","1","14.285714285714285","0","0.0","26.99",,"0","1","0","2026-03-07"
"crema para el cuidado diario de la piel para ancianos","309","3","64","1","1.5625","3","100.0","1","33.333333333333336","15.970000267028809","13.489999771118164","0","2","1","0","0.0","0",,,,"0","0","0","0","0.0","0",,,,"0","0","0","2026-03-07"
"palmers skin success fade milk lotion","310","14","274","1","0.36496350364963503","8","57.14285714285714","1","12.5","10.779999732971191","32.11000061035156","0","3","1","5","35.714285714285715","0","0.0","10.779999732971191",,"0","2","0","1","7.142857142857142","0","0.0","10.78",,"0","1","0","2026-03-07"
"good molecules","311","64954","1398473","1","7.150656466016863E-5","38054","58.58607630015088","1","0.0026278446418247755","11.970000267028809","9.989999771118164","8769","14991","4938","23245","35.78686455029713","0","0.0","8.989999771118164",,"5949","9262","3005","6085","9.368168242140591","0","0.0","8.0",,"2027","2604","725","2026-03-07"
"dermaglos crema hidratante","312","3","65","38","58.46153846153846","0","0.0","0",,,,"0","0","0","0","0.0","0",,,,"0","0","0","0","0.0","0",,,,"0","0","0","2026-03-07"
"crema para poros en la cara con retinol sin perfume","313","8","160","1","0.625","11","137.5","1","9.090909090909092","16.989999771118164","16.989999771118164","0","9","2","0","0.0","0",,,,"0","0","0","0","0.0","0",,,,"0","0","0","2026-03-07"
"agua miselar rilastil","314","1","18","1","5.555555555555555","1","100.0","1","100.0","32.900001525878906","32.900001525878906","0","0","0","0","0.0","0",,,,"0","0","0","0","0.0","0",,,,"0","0","0","2026-03-07"
"dye-free sulfate-free shower gel body wash","315","36","686","1","0.1457725947521866","10","27.77777777777778","1","10.0","12.970000267028809","13.489999771118164","0","1","8","0","0.0","0",,,,"0","0","0","0","0.0","0",,,,"0","0","0","2026-03-07"
"clean and clear persa gel 10","316","263","6375","37","0.5803921568627451","174","66.15969581749049","0","0.0","5.96999979019165",,"42","66","21","112","42.585551330798474","0","0.0","5.96999979019165",,"31","52","16","64","24.334600760456272","0","0.0","5.97",,"21","31","8","2026-03-07"
"crema vitamina e","317","135","2852","37","1.297335203366059","63","46.666666666666664","0","0.0","9.979999542236328",,"2","25","10","19","14.074074074074074","0","0.0","8.25",,"1","8","1","6","4.444444444444445","0","0.0","8.07",,"1","3","0","2026-03-07"
"fac","318","11464","227956","37","0.016231202512765622","55","0.4797627355198884","0","0.0","17.950000762939453",,"0","0","0","6","0.052337752965806006","0","0.0",,,"0","0","0","0","0.0","0",,,,"0","0","0","2026-03-07"
